person_id,name,age,gender,address,occupation
P-0001,Hemal Jani,63,M,"H.No. 01, Malhotra Marg, Delhi 242786","Surveyor, mining"
P-0002,Isaac Borra,64,M,"H.No. 98, Sani Street, Kalyan-Dombivli-505331",Manufacturing systems engineer
P-0003,Mohammed Khalsa,23,F,"02, Sabharwal Path, Shimoga-160733",Psychiatrist
P-0004,Dalaja Kari,45,F,"36/541, Panchal Road, Jorhat-014294",Arboriculturist
P-0005,Radha Pai,53,F,"81/69, Kumar Ganj, Junagadh 883561",Lawyer
P-0006,Jeet Mital,45,M,"H.No. 64, Datta Circle, Bidar 299468",Academic librarian
P-0007,Bhavini Kade,32,F,"77, Vaidya Ganj, Gulbarga-489513",Insurance claims handler
P-0008,Rushil Din,43,M,"791, Sachdeva Chowk, Yamunanagar 632016",English as a foreign language teacher
P-0009,Zarna Shetty,55,F,"H.No. 727, Nadig Circle, Pudukkottai 872774",Firefighter
P-0010,Vedhika Khare,49,M,"H.No. 434, Nagarajan Path, Durgapur 362316",Orthoptist
P-0011,Unnati Sagar,41,F,"69, Rai Nagar, Chennai 466889",English as a second language teacher
P-0012,Theodore Mahajan,43,F,"H.No. 656, Sibal Street, Deoghar-699016",Control and instrumentation engineer
P-0013,Qabil Bedi,53,M,"H.No. 37, Nazareth Path, Alwar 417080",Maintenance engineer
P-0014,Ekapad Baria,50,M,"092, Date Ganj, Raipur 745299",Colour technologist
P-0015,Deepa Chokshi,36,F,"66/31, Kibe, Barasat 905865",Broadcast presenter
P-0016,Advik Salvi,50,M,"57, Saran Street, Nagaon-987769","Geologist, wellsite"
P-0017,Yatan Chadha,43,F,"799, Nayar Marg, Shimla 273545",Health service manager
P-0018,Advaith Varughese,61,F,"678, Soni Ganj, Sultan Pur Majra-143634",Television camera operator
P-0019,Urvashi Wali,65,M,"85/574, Krishnamurthy Road, Jamshedpur 518233",Radio broadcast assistant
P-0020,Barkha Chaudhry,48,M,"524, Walla Nagar, Panipat-084271","Administrator, charities/voluntary organisations"
P-0021,Upasna Srinivas,58,M,"047, Bhattacharyya Zila, Pallavaram-902294",Chartered certified accountant
P-0022,Jagat Saha,44,M,"74, Sanghvi, Jehanabad-913341","Designer, graphic"
P-0023,Oscar Borde,24,F,"79, Manne Chowk, Ahmednagar-471349","Engineer, civil (consulting)"
P-0024,Ishwar Kar,27,F,"102, Mani Road, Amravati-464887",Primary school teacher
P-0025,Balveer Sankaran,30,M,"H.No. 139, Bail, Gangtok 278742",Textile designer
P-0026,Vyanjana Chand,35,F,"55, Dyal Zila, Bulandshahr-468071",International aid/development worker
P-0027,Ekiya D’Alia,39,M,"87/603, Pathak Circle, Mango-348247",Radio producer
P-0028,Ayush Khatri,48,F,"08/61, Comar Ganj, Kochi-748467",Public house manager
P-0029,Tanmayi Dhillon,40,F,"82/14, Oak Marg, Delhi-499727",Solicitor
P-0030,Hemani Natarajan,36,F,"H.No. 33, Rajagopal, Bulandshahr-576627",Animator
P-0031,Yadavi Narula,35,M,"H.No. 870, Rout Street, Aurangabad 459615","Social research officer, government"
P-0032,Edhitha Sura,49,M,"431, Chaudhari Marg, Raiganj 400504",Mechanical engineer
P-0033,Raagini Dhingra,53,M,"22/21, Raja, Mehsana-374740","Psychologist, occupational"
P-0034,Nakul Borah,41,M,"46/47, Issac Road, Karawal Nagar-369594",Hotel manager
P-0035,Meghana Maharaj,60,M,"74/39, Kanda Path, Udupi 210470",TEFL teacher
P-0036,Karan Chana,60,M,"62/328, Wali Path, Dehradun 745171",Counsellor
P-0037,Mekhala Pau,20,M,"H.No. 481, Pillay Chowk, Bhimavaram 513709","Surveyor, mining"
P-0038,Timothy Bhatnagar,31,M,"61/200, Tailor Road, Jalandhar-826758",Personnel officer
P-0039,Oeshi Chaudhary,58,M,"H.No. 05, Sawhney Ganj, Noida-158506",Health and safety adviser
P-0040,Jason Sha,34,M,"90/053, Jha Street, Begusarai 933529","Accountant, chartered"
P-0041,Maanav De,49,M,"H.No. 020, Khanna Path, Pune 402681",Bonds trader
P-0042,Saumya Pathak,55,M,"39/08, Shanker Road, Ghaziabad 661771",Catering manager
P-0043,Manbir Bhatti,48,F,"98/56, Wali, Malda-118367",Estate agent
P-0044,Harinakshi Setty,42,M,"15/654, Dua Path, Jabalpur-116152","Surveyor, commercial/residential"
P-0045,Forum Das,57,M,"60/494, Chawla Path, Bhatpara-315851",Health promotion specialist
P-0046,Pushti Bal,29,F,"445, Ahuja Path, Asansol 120183",Mudlogger
P-0047,Sudiksha Om,25,M,"H.No. 59, Chad, Bhatpara-901476","Radiographer, diagnostic"
P-0048,Oeshi Mahajan,38,F,"H.No. 61, Sur Road, Ranchi-690034","Engineer, mining"
P-0049,Aadhya Mann,44,M,"H.No. 762, Rai Street, Orai 160607",Careers adviser
P-0050,Pushti Ravel,23,M,"H.No. 605, Sharma Street, Hubli–Dharwad-136968",Careers information officer
P-0051,Dayita Nori,25,F,"181, Uppal Circle, Karnal-231243",Early years teacher
P-0052,Faqid Goel,62,M,"97/99, Mutti Path, Gandhidham-774490",Management consultant
P-0053,Dayita Shenoy,55,M,"H.No. 541, Tripathi Zila, Surendranagar Dudhrej-793597",Retail banker
P-0054,David Seshadri,41,F,"18/203, Sarna Chowk, Bharatpur 466590","Lecturer, higher education"
P-0055,Forum Chandra,61,F,"H.No. 92, Bumb Path, Etawah-629148",Mudlogger
P-0056,Joshua Vyas,23,F,"50/54, Kala Street, Shivpuri 322141","Runner, broadcasting/film/video"
P-0057,Gayathri Deep,19,F,"292, Bassi Chowk, Bharatpur-794738",Field trials officer
P-0058,Upasna Hari,50,M,"46, Wable Circle, Nanded 924075","Surveyor, building"
P-0059,Zaitra Dash,46,F,"478, Sarkar Street, Korba 506068",Midwife
P-0060,Libni Bumb,59,F,"H.No. 515, Devan Street, Baranagar 277901",Advertising account executive
P-0061,Tanveer Doctor,64,M,"H.No. 34, Batta Zila, Gurgaon-117980","Scientist, biomedical"
P-0062,Maanas Manne,46,M,"53/96, Chada Street, Jabalpur-670654","Administrator, sports"
P-0063,Ekansh Pai,65,F,"52/05, Nigam Circle, Madhyamgram-221704","Engineer, drilling"
P-0064,Ryan Barman,58,F,"68/74, Halder Nagar, Raurkela Industrial Township 541566",Printmaker
P-0065,Harinakshi Grover,48,F,"H.No. 84, Samra Zila, Chinsurah-845115",Hotel manager
P-0066,Sanaya Sandhu,65,F,"H.No. 70, Saran Path, Howrah-658202",Translator
P-0067,Bakhshi Date,39,M,"55/690, Dube, Uluberia 719285",Occupational therapist
P-0068,Arya Krish,24,F,"27/868, Lala Zila, Amroha 947312","Buyer, retail"
P-0069,Orinder Saxena,47,M,"51/884, Dugar Road, Mirzapur 132370",Media planner
P-0070,Unni Dayal,48,F,"H.No. 67, Roy Circle, Ramgarh 251778",Local government officer
P-0071,Qabil Dayal,40,M,"H.No. 824, Edwin Street, Kamarhati-841438",Haematologist
P-0072,Chavvi Walla,50,F,"92/29, Nazareth, Bhopal 094396",Waste management officer
P-0073,Widisha Mann,30,F,"647, Bhasin Zila, Gandhidham 773592",Intelligence analyst
P-0074,Hemani Rastogi,32,F,"81/53, Das Chowk, Hospet-210469",Personal assistant
P-0075,Nathaniel Narang,35,F,"787, Morar Chowk, Lucknow 687339",Manufacturing engineer
P-0076,Chandresh Manda,36,F,"H.No. 80, Sankar Zila, Bilaspur-650609","Surveyor, planning and development"
P-0077,Janani Mani,54,M,"78/49, Dani, Jalandhar 558523",Town planner
P-0078,Xiti Baria,52,M,"578, Dixit Chowk, Khammam 269495","Runner, broadcasting/film/video"
P-0079,Chandani Soman,24,M,"H.No. 16, Morar, Kavali 499309",Quantity surveyor
P-0080,Lajita Divan,65,F,"13/07, Sahota Path, Haridwar-689702","Scientist, physiological"
P-0081,Ekta Sridhar,50,M,"785, Pandya Circle, Phagwara-334843",Human resources officer
P-0082,Sarthak Suresh,63,F,"H.No. 84, Dara Road, Tenali 240415",Private music teacher
P-0083,Varenya Kala,60,F,"42/19, Khatri, Dhanbad-301657",Chiropodist
P-0084,Abdul Dugar,47,M,"34, Mangal Path, Hubli–Dharwad-802620",Occupational psychologist
P-0085,Quincy Mann,24,F,"H.No. 99, Nayak Zila, Malda 287431",Lawyer
P-0086,Tara Kurian,33,F,"54/932, Ravi, Kottayam-161227",Jewellery designer
P-0087,Abeer Lal,63,M,"45, Apte Road, Karimnagar-017426",Retail buyer
P-0088,Jacob Merchant,38,F,"272, Prakash Chowk, Jamalpur 833918",Product manager
P-0089,Faras Choudhury,49,F,"82/25, Sathe Circle, Tiruppur 187072",Scientific laboratory technician
P-0090,Tanmayi Bhardwaj,46,F,"06/403, Bora, Bhusawal-180170",Historic buildings inspector/conservation officer
P-0091,Pranit Deshmukh,41,F,"76, Buch Marg, Karnal-286823","Accountant, chartered certified"
P-0092,Chanchal Sheth,36,F,"375, Majumdar Street, Gorakhpur-690331",Chiropractor
P-0093,Sanya Bava,35,M,"73, Kalla Circle, Kolhapur-395995",Fast food restaurant manager
P-0094,Luke Verma,26,M,"H.No. 40, Gill Circle, Miryalaguda-056856",Osteopath
P-0095,Charita Puri,39,M,"342, Bhardwaj Chowk, Erode-634351","Production assistant, television"
P-0096,George Wason,53,M,"H.No. 69, Baral, Maheshtala-735403",Energy manager
P-0097,Varenya Kibe,31,M,"854, Shukla Marg, Aizawl-587717",IT consultant
P-0098,Kamala Munshi,49,F,"32/04, Sahni Circle, Jamnagar-536937",Statistician
P-0099,Aarini Suresh,65,F,"522, Suresh Circle, Hosur-801006","Copywriter, advertising"
P-0100,Ekansh Dora,25,M,"75/09, Subramanian, Pune 886008",Haematologist
P-0101,Anay Thakkar,37,M,"H.No. 182, Handa Ganj, Raichur-615679",Financial planner
P-0102,Charita Buch,42,M,"66, Soni Circle, Bangalore 176591","Secretary, company"
P-0103,Victor Kakar,38,M,"H.No. 148, Bali, Satna-392614","Designer, textile"
P-0104,Lopa Zachariah,64,M,"21/850, Sarkar Zila, Aurangabad 999650",Government social research officer
P-0105,Vritti Kari,36,M,"29, Chada Marg, Shahjahanpur 142626",Investment analyst
P-0106,Hredhaan Chand,22,F,"54, Deo Zila, Gaya 788861",Agricultural engineer
P-0107,Irya Chander,63,M,"H.No. 466, Kibe Zila, Nadiad 244472",Biomedical scientist
P-0108,Radhika Majumdar,59,F,"15, Koshy Road, Hindupur-712406",Learning mentor
P-0109,Forum Sarraf,25,M,"92/459, Srinivas Ganj, Belgaum 547935",Mudlogger
P-0110,Maya Patla,55,F,"82/80, Kadakia Chowk, Jalna 672434","Designer, exhibition/display"
P-0111,Krishna Borah,49,F,"68/86, Bansal Circle, Jorhat-135290","Surveyor, quantity"
P-0112,Garima Sani,47,F,"H.No. 438, Kant Circle, Dindigul 798250",Radiation protection practitioner
P-0113,Chakrika Sagar,30,M,"25/457, Verma Ganj, Karnal 177514",Armed forces operational officer
P-0114,Arin Oza,35,F,"38/282, Sandhu Path, Ahmednagar 226609","Engineer, civil (consulting)"
P-0115,Pushti Ramachandran,26,M,"419, Yadav Zila, Ambarnath 371478",Intelligence analyst
P-0116,Manya Comar,44,F,"92, Chad Road, Satara 341252",Sales promotion account executive
P-0117,Omya Devi,23,M,"782, Ganesan Circle, Tumkur-257905",Acupuncturist
P-0118,Laban Hayer,28,M,"76, Suresh Chowk, Gwalior-340438",Homeopath
P-0119,Tanvi Tandon,55,F,"H.No. 85, Barman Circle, Bongaigaon 613407",General practice doctor
P-0120,Gagan Sarna,24,M,"959, Gandhi Marg, Tiruppur 095849",Solicitor
P-0121,Ekiya Master,26,F,"12/60, Date Road, Kulti 536729",Geophysical data processor
P-0122,Keya Seth,57,M,"84, Sha Path, Khammam 175186",Engineering geologist
P-0123,Siddharth Talwar,52,F,"H.No. 58, De, Tiruvottiyur 017012",Prison officer
P-0124,Aadi Sangha,47,F,"42/415, Butala Road, Dehradun-643611",Accommodation manager
P-0125,Vansha Brahmbhatt,38,F,"70/05, Sami Zila, Morena-361115",Mental health nurse
P-0126,Laksh Raja,38,M,"H.No. 890, Gala, Etawah-269731",Chiropodist
P-0127,Jatin Rajagopalan,58,M,"H.No. 23, Chad Road, Begusarai 043898",Energy engineer
P-0128,Chakrika Bhagat,32,M,"13, Bobal Chowk, Karimnagar-269658",Drilling engineer
P-0129,Elijah Badal,35,M,"H.No. 30, Rao Nagar, Orai 661889","Designer, ceramics/pottery"
P-0130,Fiyaz Mukherjee,29,M,"856, Bhatti, Junagadh 031617",Veterinary surgeon
P-0131,Dayamai Gill,30,M,"20/275, Varughese Circle, Rourkela 241056",Glass blower/designer
P-0132,Adya Bose,29,M,"50/79, Pillai Street, Rohtak-913800","Administrator, charities/voluntary organisations"
P-0133,Chakradhar Sodhi,45,F,"208, Kapur Marg, Kulti 541951",Retail buyer
P-0134,Praneel Kapoor,63,F,"H.No. 744, Chadha Path, Bangalore 349493","Psychologist, forensic"
P-0135,Wakeeta Hayre,37,M,"H.No. 603, Pal Circle, Thanjavur-641383",Personnel officer
P-0136,Darpan Dhar,33,F,"H.No. 386, Shanker Path, Amaravati 826199",Biomedical engineer
P-0137,Kalpit Khalsa,64,F,"H.No. 65, Sethi Path, Muzaffarpur 329121","Development worker, international aid"
P-0138,Unnati Murthy,63,F,"53/74, Lanka Chowk, Mysore-490352","Chemist, analytical"
P-0139,Ishani Randhawa,23,M,"H.No. 20, Sethi Marg, Bareilly 121003","Conservator, furniture"
P-0140,Nandini Pradhan,35,M,"H.No. 013, Dave Chowk, Bathinda 070296",Nutritional therapist
P-0141,Ayushman Raja,46,M,"H.No. 32, Mammen Road, Jalgaon-999347",Paramedic
P-0142,Darsh Chahal,53,M,"638, Bahl Ganj, Secunderabad 875985",Network engineer
P-0143,Pranit Bal,60,M,"H.No. 407, Parmar Circle, Kozhikode 334803",Teaching laboratory technician
P-0144,Isha Ghose,36,M,"55/90, Dhar Path, Kumbakonam-270103",Town planner
P-0145,Anmol Vyas,23,M,"H.No. 93, Oak Street, North Dumdum-029218",Medical sales representative
P-0146,Kashvi Randhawa,29,F,"H.No. 52, Sarkar Street, Ratlam 895392",Multimedia specialist
P-0147,Chaitaly Datta,57,F,"96/902, Nadkarni, Buxar-725135",IT consultant
P-0148,Gaurang Nayak,47,M,"H.No. 33, Palla Zila, Moradabad-067626","Research officer, government"
P-0149,Indali Prashad,48,F,"32/71, Menon Nagar, Imphal 115262",Cabin crew
P-0150,Hamsini Subramanian,63,F,"29/620, Narula Zila, Jhansi 884443",Chief Operating Officer
P-0151,Maya Swaminathan,36,F,"H.No. 06, Menon Zila, Kollam-032417",Commercial art gallery manager
P-0152,Mitali Sinha,47,M,"H.No. 862, Raj Path, Gaya-047743",Geophysical data processor
P-0153,Matthew Chatterjee,57,M,"69/38, Ram Nagar, Jorhat 937416",Animal nutritionist
P-0154,Jai Sen,46,F,"320, Brar Marg, Panihati-945116","Surveyor, commercial/residential"
P-0155,Eshana Majumdar,57,F,"99/861, Doctor Marg, Tezpur-191485",Paediatric nurse
P-0156,Leela Sunder,20,M,"462, Ratti, Tenali-307450",Leisure centre manager
P-0157,Deepa Mand,33,M,"247, Luthra Path, Mahbubnagar-373678",Midwife
P-0158,Yutika Dutt,62,F,"86/289, Ghose Nagar, Kollam 307053",Graphic designer
P-0159,Ucchal Tiwari,55,M,"03/579, Goel Chowk, Dharmavaram-524140",Nature conservation officer
P-0160,Nicholas Kala,30,F,"34/680, Som Nagar, Malegaon-349446",Mudlogger
P-0161,Tripti Krishnan,52,F,"H.No. 89, Chaudry Marg, Sasaram-899441",Race relations officer
P-0162,Gayathri Malhotra,36,M,"H.No. 43, Varughese Street, Howrah 520744",Personal assistant
P-0163,Lipika Banik,56,F,"38/758, Garde Road, Durg-724825",Chartered public finance accountant
P-0164,Isha Kapoor,59,F,"H.No. 54, Menon, Kochi 099917","Engineer, broadcasting (operations)"
P-0165,Lakshmi Wagle,24,F,"H.No. 223, Rout Path, Asansol 217525",Barrister
P-0166,Siya Mahal,41,F,"27/12, Saraf, Sambhal-760083",Midwife
P-0167,Ekanta Wali,40,F,"03/354, Chauhan Street, Ambala-210447","Scientist, product/process development"
P-0168,Radha Desai,61,M,"H.No. 32, Bahl Marg, Rajahmundry 309821",Medical technical officer
P-0169,Keya Kumer,29,F,"10/016, Rai Chowk, Motihari 723046",Chiropractor
P-0170,Laksh Sahota,45,F,"H.No. 11, Issac Chowk, Firozabad 564208",Research scientist (maths)
P-0171,Vasana Narayanan,37,F,"H.No. 119, Dixit Chowk, Sasaram-143744","Psychologist, forensic"
P-0172,Harish Ghosh,54,M,"H.No. 56, Chandran Zila, Bangalore 255794",Chief Financial Officer
P-0173,Hema Goswami,48,M,"74, Sridhar Marg, Rourkela 202169",Radiation protection practitioner
P-0174,Pratyush Raghavan,39,F,"27/716, Batra Chowk, Bhilwara 089935","Scientist, physiological"
P-0175,Rachita Kothari,39,M,"62/890, Dugar Nagar, Shimla-175354",Arts administrator
P-0176,Kritika Rau,44,M,"79, Chakrabarti Chowk, Amroha-170166",Animal technologist
P-0177,Gavin Modi,61,F,"H.No. 50, Sha Ganj, Karaikudi-571130",Licensed conveyancer
P-0178,Bishakha Vig,45,M,"H.No. 272, Chhabra Marg, Phagwara 316373",Lexicographer
P-0179,Oeshi Batra,31,F,"98, Tara Street, Bettiah 869782",Technical sales engineer
P-0180,Kabir Chawla,58,F,"66/93, Rao Road, Durg-226984",Sports development officer
P-0181,Teerth Iyer,59,F,"52/288, D’Alia Path, Kishanganj-996846","Administrator, Civil Service"
P-0182,Aryan Raj,22,M,"03/424, Dhingra Road, Sagar-805719","Surveyor, planning and development"
P-0183,Lopa Khanna,36,M,"66, Bhagat Path, Chandrapur 973598",Toxicologist
P-0184,Rishi Menon,37,F,"12/281, Baria Marg, Alwar-229405","Psychologist, prison and probation services"
P-0185,Balveer Dube,63,F,"94/798, Bora Path, Hajipur 281826",Speech and language therapist
P-0186,George Palla,26,M,"55/543, Wali, Kishanganj-157399",Financial planner
P-0187,Ekani Raj,59,M,"H.No. 84, Varughese Nagar, Kottayam 704358",Charity fundraiser
P-0188,Oliver Yogi,64,M,"361, Yogi Ganj, Madurai 075011",Audiological scientist
P-0189,Zayan Bobal,38,M,"67, Sant Marg, Pune-180919",Armed forces technical officer
P-0190,Ishita Thakkar,54,F,"49/147, Rana Marg, Bhalswa Jahangir Pur 832684",Cytogeneticist
P-0191,Kashvi Apte,24,M,"H.No. 099, Yogi Marg, Farrukhabad-536822",Educational psychologist
P-0192,Zayyan Hari,26,F,"90/878, Mannan Zila, Chandrapur 397552",Farm manager
P-0193,Bhavani Boase,26,M,"75, Mohan, Buxar-562053",Environmental consultant
P-0194,Aradhana Parsa,50,F,"77, Mody Path, Suryapet-291428","Engineer, chemical"
P-0195,Faraj Borra,51,F,"96/93, Lad Nagar, Jalgaon 639427",Retail banker
P-0196,Mekhala Patla,45,F,"28/27, Gola Street, Karawal Nagar 037314",Merchant navy officer
P-0197,Brijesh Jhaveri,49,M,"70, Naik Nagar, Saharsa 498926",Multimedia specialist
P-0198,Faras Varughese,48,M,"865, Sur Path, Mahbubnagar 827231","Scientist, audiological"
P-0199,Siddharth Doctor,43,M,"H.No. 91, Sachdeva Ganj, Raipur-773926",Advertising copywriter
P-0200,Caleb Datta,57,M,"80/920, Kuruvilla Street, Hazaribagh-990413","Production assistant, radio"
P-0201,Vasatika Garde,23,F,"29/29, Lalla Circle, Tiruvottiyur-991366",Consulting civil engineer
P-0202,Amol Jain,45,F,"12/79, Barad, Tiruchirappalli-298068",Petroleum engineer
P-0203,Caleb Wagle,51,F,"65, Chaudhari, Guntur-731498",Osteopath
P-0204,Ranbir Ahluwalia,19,F,"06/35, Pathak Marg, Bhatpara 944869",Medical secretary
P-0205,Mekhala Jani,65,F,"588, Kulkarni Chowk, Gangtok-621372",Chiropodist
P-0206,Yashoda Rattan,56,F,"601, Sinha Street, Hubli–Dharwad 435190",Music tutor
P-0207,Bhavini Bhandari,28,F,"03, Mangal Circle, Visakhapatnam-920530","Designer, industrial/product"
P-0208,Anya Ratta,53,F,"93, Aurora Circle, Mysore 895543",Trading standards officer
P-0209,Suhani Raval,41,F,"681, Bora Circle, Mau 848947",Multimedia programmer
P-0210,Yagnesh Nori,54,F,"07/14, Raja Zila, Berhampur-658804",Fish farm manager
P-0211,Girik Rastogi,48,F,"27/55, Luthra Ganj, Jhansi 333433","Engineer, electrical"
P-0212,Ishani Dugal,31,M,"H.No. 790, Basak Circle, Serampore 794728",Health service manager
P-0213,Tristan Dave,55,F,"80, Palan Circle, Akola 187500","Engineer, materials"
P-0214,Harrison Nanda,33,F,"843, Sinha Road, Ambarnath 763655",Oncologist
P-0215,Shravya Gole,21,F,"H.No. 438, Raj Marg, Ulhasnagar-702672","Scientist, forensic"
P-0216,Vidhi Mital,49,F,"12, Kale Nagar, Fatehpur 754558","Surveyor, hydrographic"
P-0217,Hemangini Bahri,43,M,"H.No. 93, Yohannan, Anantapuram-587716",Visual merchandiser
P-0218,Ubika Dhillon,50,M,"99, Bora Marg, Nanded-355449",Nutritional therapist
P-0219,Sai Patil,27,F,"202, Krishnamurthy Ganj, Bhagalpur-611178",Audiological scientist
P-0220,Mekhala Viswanathan,25,F,"H.No. 92, Ramakrishnan Zila, Berhampur 472282",Air cabin crew
P-0221,Ishanvi Nanda,25,F,"48/72, Goel Circle, Phusro-884578",Ergonomist
P-0222,Riya Morar,19,M,"H.No. 24, Acharya Nagar, Hapur 780774",Acupuncturist
P-0223,Brinda Kashyap,45,M,"686, Krish Marg, Pali 341638",Video editor
P-0224,Bhavani Wali,23,F,"122, Choudhry Road, Tadipatri 497350","Designer, blown glass/stained glass"
P-0225,Anthony Grewal,35,F,"H.No. 27, Kaul Nagar, Saharanpur 735647",Meteorologist
P-0226,Azad Narayanan,58,F,"H.No. 461, Singhal Circle, Nellore 601367",Firefighter
P-0227,Rushil Sharma,60,M,"64, Dutt Path, Jamalpur 474350",Engineering geologist
P-0228,Warinder Saraf,40,F,"491, Kibe Marg, Kalyan-Dombivli 925132",Restaurant manager
P-0229,Hamsini Bhasin,39,F,"28/127, Nadig Ganj, Bahraich 065240",Radio producer
P-0230,Chaitaly Suri,53,M,"55/74, Dyal, Bettiah-744857",Academic librarian
P-0231,Qasim Bahl,58,M,"H.No. 18, Gupta Marg, Suryapet 945651",Chief Operating Officer
P-0232,Caleb Dayal,34,F,"173, Balay Zila, Unnao-053910","Engineer, manufacturing"
P-0233,Fariq Sidhu,33,M,"65/09, Wadhwa Road, Madurai 138113",Ship broker
P-0234,Ranveer Hans,46,M,"86/19, Shanker Path, Vasai-Virar-286852","Social research officer, government"
P-0235,Indira Murty,59,M,"65, Khosla, Gandhinagar 577600",Higher education careers adviser
P-0236,Zarna Deshmukh,47,M,"H.No. 33, Bains Path, Begusarai 107522",Geochemist
P-0237,Zaid Kaul,63,F,"H.No. 969, Brahmbhatt Ganj, Karawal Nagar 791940",Technical author
P-0238,Farhan Bhalla,20,M,"61, Apte Ganj, Meerut 805892","Journalist, newspaper"
P-0239,Michael Bedi,39,M,"98/13, Mann Marg, Siliguri-517908",Oceanographer
P-0240,Frederick Rastogi,37,F,"783, Rana Chowk, Kishanganj-314659",Chartered public finance accountant
P-0241,Odika Sampath,42,F,"559, Mody Nagar, Etawah 927033",Midwife
P-0242,Frederick Chowdhury,28,M,"24/05, Mody Zila, Chittoor 538338","Scientist, research (medical)"
P-0243,Vasudha Dhaliwal,52,F,"80/42, Mander Nagar, Tadipatri 070164",Media buyer
P-0244,Anirudh Master,55,M,"81, Sundaram Path, Gaya-878003",Senior tax professional/tax inspector
P-0245,Gauri Suri,29,M,"H.No. 555, Keer Road, Ghaziabad-608432",Licensed conveyancer
P-0246,Laksh Chahal,24,F,"39, Sandhu Street, Mahbubnagar-782329",Special educational needs teacher
P-0247,Lakshit More,58,M,"925, Walia Zila, Udaipur-205664",Probation officer
P-0248,Max Guha,50,M,"099, Kashyap Road, Ahmednagar 517289","Psychotherapist, child"
P-0249,Qarin Ram,33,F,"233, Rege Nagar, Gopalpur-333127",Warehouse manager
P-0250,Ekta Shankar,59,F,"09, Munshi Marg, Pudukkottai-817703","Scientist, physiological"
P-0251,Balveer Ram,48,F,"H.No. 76, Mangal Road, Rourkela 490827",Production engineer
P-0252,Xiti Chowdhury,61,M,"65, Bakshi Chowk, Malda-714521","Chemist, analytical"
P-0253,Shivani Patil,48,F,"89/268, Bassi Marg, Thanjavur 222064",Insurance broker
P-0254,Bhavya Golla,62,M,"094, Shanker Nagar, Panchkula 973397",Professor Emeritus
P-0255,Riya Buch,23,F,"49/83, Goyal Nagar, Pimpri-Chinchwad 020994",Learning disability nurse
P-0256,Chandran Chopra,41,F,"499, Goel, Adoni-014556",Broadcast journalist
P-0257,Dhruv Master,59,F,"H.No. 458, Vohra Marg, Bhagalpur-198179",Holiday representative
P-0258,Edhitha Lad,63,F,"97/87, Gole Chowk, Ramagundam 010713",Warden/ranger
P-0259,Odika Bath,48,F,"30/34, Bir Road, Dewas 015569",Warden/ranger
P-0260,Parth Hari,31,F,"77/027, Sharma Street, Surendranagar Dudhrej 084958",Social worker
P-0261,Sathvik Narula,49,M,"405, Warrior Marg, Aurangabad 291450",Glass blower/designer
P-0262,Gabriel Taneja,34,F,"43, Mittal Circle, Gorakhpur-031780",Radiation protection practitioner
P-0263,Ranveer Oak,55,F,"H.No. 21, Deo Circle, Vadodara-681040","Therapist, music"
P-0264,Gauri Sibal,55,F,"40/94, Nagi Ganj, Nellore 485714",Database administrator
P-0265,Anusha Contractor,63,F,"858, Madan Path, Anantapuram 214958","Producer, radio"
P-0266,Kalpit Balakrishnan,20,F,"H.No. 601, Ramanathan Marg, Kavali-954538",Careers information officer
P-0267,Karan Chander,36,M,"47, Kata Chowk, Asansol-562557",Ranger/warden
P-0268,Dhruv Soman,55,M,"72, Pall Road, Danapur 615814",Site engineer
P-0269,Nandini Sachdev,57,F,"27/61, Joshi Path, Raebareli-832197",Colour technologist
P-0270,Eshana Chatterjee,37,M,"H.No. 61, Chopra, Khammam-013290",Data processing manager
P-0271,Sneha Wali,57,F,"97/33, Mistry Path, Raebareli 190986",Conference centre manager
P-0272,David Pingle,33,M,"85/140, Sankaran Ganj, Ratlam 666832",Public relations officer
P-0273,Raghav Rajagopalan,58,F,"422, Bora Nagar, Asansol 621267",Trade mark attorney
P-0274,Pranit Sha,62,M,"53, Samra Street, Gangtok-384689",Medical technical officer
P-0275,Baljiwan Subramanian,59,M,"71/28, Shroff Road, Nagaon 371894",Video editor
P-0276,Hemal Warrior,59,M,"87, Narula, Nagercoil 420949",Gaffer
P-0277,Urvashi Gara,38,F,"90/471, Tiwari Street, Alwar 294440",Clinical research associate
P-0278,Matthew Sekhon,21,F,"H.No. 37, Wable Street, Tiruvottiyur 292766",Field seismologist
P-0279,Oliver Kade,65,M,"41/027, Soni Marg, Fatehpur 667428","Presenter, broadcasting"
P-0280,Bhavya Sen,24,F,"01/85, Mahajan Marg, Gopalpur-149673",Theatre stage manager
P-0281,Zinal Nazareth,39,F,"00/10, Chaudhari Marg, Amroha-344300",Water quality scientist
P-0282,Dakshesh Kalla,30,M,"H.No. 926, Goyal, Udaipur 471746",Jewellery designer
P-0283,Neel Borah,27,F,"65, Kuruvilla Nagar, Mangalore 173962",Regulatory affairs officer
P-0284,Maanas Zachariah,52,F,"17/41, Bora Nagar, Aurangabad-707200",Newspaper journalist
P-0285,Max Narayan,29,F,"77/66, Zachariah Zila, Delhi-719855",Immunologist
P-0286,Christopher Chana,49,F,"H.No. 743, Baral Street, Jhansi 615717",Energy manager
P-0287,Balendra Hans,40,M,"61, Morar Circle, Deoghar 005050","Optician, dispensing"
P-0288,Siddharth Virk,48,M,"93/102, Bahl Chowk, Tadipatri-320204",Chief Strategy Officer
P-0289,Onkar Bhatt,28,M,"99, Bhatnagar Ganj, Purnia 651982",IT technical support officer
P-0290,Chakradev Ghose,62,F,"H.No. 426, Pingle Street, Bahraich 902196","Designer, industrial/product"
P-0291,Vidhi Buch,54,F,"194, Soni Marg, Tiruppur 487632",Tree surgeon
P-0292,Pranit Tata,24,F,"H.No. 60, Keer Circle, Kochi 958837","Engineer, manufacturing"
P-0293,Chatresh Hari,19,F,"77/220, Patla Nagar, Bhagalpur 459701",Associate Professor
P-0294,Nakul Balakrishnan,53,M,"H.No. 379, Nanda, Davanagere-315313",Passenger transport manager
P-0295,Keya Kannan,48,F,"70/62, Sha Ganj, Munger 273543",Legal executive
P-0296,Azad Bhasin,62,F,"H.No. 776, Oza Street, Sagar 929831",Paramedic
P-0297,Tarak Solanki,56,F,"H.No. 633, Saraf Path, Gudivada-906007",Retail merchandiser
P-0298,Pavani Wali,59,F,"17/731, Arora Circle, Bellary-543107",Industrial/product designer
P-0299,Tripti Bajwa,25,M,"625, Agarwal Chowk, Kharagpur-804649",Special effects artist
P-0300,Faris Nayak,49,M,"H.No. 165, Baria Chowk, Ambarnath 818325",Field trials officer
P-0301,Vanya Kadakia,58,F,"H.No. 48, Malhotra Marg, Rajkot-577881","Psychotherapist, dance movement"
P-0302,Siya Pillai,58,M,"11, Gola Marg, Solapur 241272","Engineer, energy"
P-0303,Chaaya Saha,60,M,"H.No. 67, Manne Nagar, Rajkot-385695","Journalist, newspaper"
P-0304,Sai Shankar,59,F,"H.No. 24, Sule Ganj, Tumkur 254729","Designer, multimedia"
P-0305,Qabil Gill,63,F,"105, Date, Bhilwara-238055",Data scientist
P-0306,Saumya Zacharia,60,F,"H.No. 067, Shanker Street, Bhatpara-885474","Teacher, secondary school"
P-0307,Riya Nigam,26,M,"H.No. 281, Bakshi Road, Tadipatri 751509","Engineer, broadcasting (operations)"
P-0308,Arunima Hayre,21,M,"71/86, Swaminathan Ganj, Madanapalle 562656",Microbiologist
P-0309,Bhavani Pai,38,F,"81, Sawhney Ganj, Mango 266299",Chartered legal executive (England and Wales)
P-0310,Sarthak Mitter,26,M,"H.No. 961, Rout Nagar, Vijayanagaram-879232",Museum/gallery curator
P-0311,Vritti Basak,34,M,"87, Bala Ganj, Jamnagar 471462",Regulatory affairs officer
P-0312,Ayush Dar,43,F,"H.No. 959, Sarin Chowk, Fatehpur 589042",Television camera operator
P-0313,Madhav Nagarajan,42,F,"H.No. 20, Patel Road, Raurkela Industrial Township-448183","Education officer, museum"
P-0314,Oliver Naidu,56,M,"H.No. 51, Pandey Circle, Ahmedabad 845765","Designer, textile"
P-0315,Tejas Dubey,45,M,"98/88, Sahni Zila, Solapur-207545",Corporate treasurer
P-0316,Hema Gera,50,F,"13/223, Dass Road, Bikaner 611076",Archivist
P-0317,Hritik Bali,36,M,"H.No. 401, Anne Road, Amravati 932501",Dancer
P-0318,Ijaya Pandey,63,F,"91/19, Wadhwa Nagar, Nellore-280138",Public relations officer
P-0319,Qasim Sarraf,32,F,"H.No. 66, Varkey Ganj, Vellore 517182",Research scientist (life sciences)
P-0320,Bhavya Baria,47,M,"16, Shan Road, Raiganj 864631",Publishing copy
P-0321,Praneel Arya,42,M,"78, Dar Zila, Tenali-912153",Lexicographer
P-0322,Netra Das,62,F,"74/994, Parekh Marg, Madanapalle-784271",Community education officer
P-0323,Vrishti Tank,53,F,"H.No. 101, Bala Chowk, Eluru-249911","Scientist, product/process development"
P-0324,Unnati Jaggi,22,F,"84, Oza Circle, Patna 167567",Psychiatric nurse
P-0325,Bachittar Goel,36,M,"62, Ramachandran Road, Bhubaneswar 889778","Designer, graphic"
P-0326,Mahika Lall,26,F,"54/50, Bath Nagar, Ambarnath-905616",Location manager
P-0327,Nisha Panchal,24,M,"349, Bhatti Zila, Raipur 208507","Pharmacist, hospital"
P-0328,Amara Bahri,60,M,"H.No. 69, Naidu Marg, Unnao-357852",Volunteer coordinator
P-0329,Januja Sarin,22,F,"18/344, Mishra Nagar, Kamarhati-919541",Tax adviser
P-0330,Prisha Kadakia,34,M,"48/468, Iyengar Path, Rewa 987820","Scientist, clinical (histocompatibility and immunogenetics)"
P-0331,Xalak Kala,55,M,"89/690, Iyer Circle, Surendranagar Dudhrej-324665",Bonds trader
P-0332,Nitara Loke,23,M,"H.No. 93, Khare Marg, Jalgaon 034778",Press photographer
P-0333,Balhaar Jaggi,56,M,"044, Goda Circle, Shivpuri-015941",Optometrist
P-0334,Gautam Ranganathan,33,F,"H.No. 981, Vohra Circle, Mehsana-391559",Newspaper journalist
P-0335,Pallavi Kamdar,28,M,"347, Kumar Marg, Pallavaram-158673",Health physicist
P-0336,Janani Soman,36,M,"H.No. 900, Kulkarni Ganj, Tirupati 183760","Nurse, learning disability"
P-0337,Charvi Chana,27,F,"275, Bandi Marg, Jodhpur-765612",Games developer
P-0338,Indira Salvi,30,M,"00/272, Rattan Nagar, Farrukhabad 911238","Conservator, furniture"
P-0339,Ekaja Seth,61,M,"H.No. 29, Manda Path, Guwahati-526693",Advertising art director
P-0340,Veer Chakraborty,27,M,"H.No. 20, Sanghvi Marg, Jalgaon-529108","Presenter, broadcasting"
P-0341,Warda Dani,41,M,"447, De Marg, Tiruppur-436262",Air cabin crew
P-0342,Adweta Keer,56,F,"H.No. 97, Anne Zila, Guntur-636694","Buyer, industrial"
P-0343,Daniel Ben,20,M,"59, Bath, Nizamabad 465280",Telecommunications researcher
P-0344,Abha Gara,35,M,"21, Wali Path, Ajmer-150274",Media planner
P-0345,Barkha Lall,27,F,"25, Dora Chowk, Meerut 203207",Gaffer
P-0346,Unni Sarin,52,M,"H.No. 758, Shankar Chowk, Gorakhpur 151342",Dispensing optician
P-0347,Simon Agrawal,23,F,"H.No. 371, Bal Path, Bhilai-591520",Ceramics designer
P-0348,Varsha Setty,47,F,"H.No. 09, Nair Chowk, Rajpur Sonarpur 450189",Museum/gallery curator
P-0349,Mohini Kumer,51,M,"10, Gaba Ganj, Sambhal-214764",Toxicologist
P-0350,Jagrati Char,47,M,"76, Loyal Chowk, Mysore 592661",Architect
P-0351,Ubika Kapur,58,M,"81/47, Buch Marg, Dewas-243864","Teacher, adult education"
P-0352,Faraj Bath,65,F,"17, Kulkarni, Rohtak 801722","Nurse, learning disability"
P-0353,Fiyaz Saha,48,M,"77/94, Grover Path, Udaipur 941680","Accountant, chartered public finance"
P-0354,Jackson Arya,22,F,"69, Mitter Chowk, Tenali-122031","Administrator, sports"
P-0355,Avi Kadakia,44,F,"36/831, Sheth Road, Bhalswa Jahangir Pur-012277",Public affairs consultant
P-0356,Shivani Kibe,62,M,"60/50, Sankaran Zila, Shimla-076789",Veterinary surgeon
P-0357,Vincent Bhat,50,F,"58/14, Solanki Marg, Shimla 760243","Psychotherapist, child"
P-0358,Raksha Kata,23,M,"72/46, Parsa Marg, Nanded-417223","Designer, graphic"
P-0359,Harrison Sagar,39,M,"380, Parmer Nagar, Raurkela Industrial Township-280156",Clothing/textile technologist
P-0360,Jai Kapur,23,M,"H.No. 50, Loke Circle, Kottayam-077119",Travel agency manager
P-0361,Benjamin Tripathi,36,F,"13/524, Toor Chowk, Navi Mumbai 552137",Pathologist
P-0362,Yatan Som,43,F,"21/45, Patel Marg, Saharanpur 326667","Scientist, clinical (histocompatibility and immunogenetics)"
P-0363,Ayushman Savant,48,F,"81/155, Gala Marg, Ghaziabad-029084",Personnel officer
P-0364,Daksha Murthy,25,M,"H.No. 89, Raval Street, Tiruppur 563410",Soil scientist
P-0365,Madhavi Date,60,M,"H.No. 884, Oak Circle, Lucknow 894346",Risk analyst
P-0366,Darpan Pradhan,46,F,"H.No. 017, Ahluwalia Road, Sonipat 998935",Hydrographic surveyor
P-0367,Logan Purohit,33,F,"H.No. 89, Patel Ganj, Navi Mumbai-661106","Conservator, furniture"
P-0368,Tanish Sehgal,40,F,"86/988, Lalla Marg, Bhusawal 762282",Radio producer
P-0369,Kai Varghese,44,F,"70, Pingle Street, Madanapalle 115940","Scientist, research (medical)"
P-0370,Jacob Prabhu,65,M,"H.No. 47, Dhar Nagar, Giridih 044327","Accountant, chartered"
P-0371,Ikshita Bir,39,F,"94, Sethi, Burhanpur 922877","Production assistant, radio"
P-0372,Eshana Chakraborty,39,F,"658, Savant Nagar, Hubli–Dharwad-094818",Chartered certified accountant
P-0373,Chatresh Vig,42,M,"01/82, Maharaj Nagar, Sambalpur-189569",Armed forces technical officer
P-0374,Arin Oak,62,F,"08, Raja Path, Mysore-182422",Freight forwarder
P-0375,Mitesh Mohanty,23,M,"H.No. 952, Bhardwaj Nagar, Pali-526546",Community arts worker
P-0376,Samaksh Khatri,24,M,"86/14, Nadkarni Nagar, Begusarai-170630",Geophysical data processor
P-0377,Yatin Dass,46,M,"18, Dhar Ganj, Panvel 386870",Accommodation manager
P-0378,Bimala Ganesh,42,M,"49, Rai Road, Rajpur Sonarpur 028914",Chartered public finance accountant
P-0379,Jason Dey,54,M,"985, Lal Path, Darbhanga 553795","Administrator, sports"
P-0380,Aarnav Soni,56,F,"26/876, Bumb Circle, Siwan 715695",Naval architect
P-0381,Abhiram Dash,61,M,"703, Mand Nagar, Nellore-943375",Animator
P-0382,Waida Kadakia,45,F,"61/498, Garde Chowk, Buxar 192124","Teacher, early years/pre"
P-0383,Anusha Handa,61,F,"87/060, Sankaran Path, Panipat 877580",Environmental manager
P-0384,Arunima Salvi,65,M,"H.No. 635, Bakshi Zila, Bhusawal-332541",Chief Strategy Officer
P-0385,Varsha Sankaran,37,F,"H.No. 31, Khare Chowk, Meerut 831997",Chief of Staff
P-0386,Jeet Chada,41,M,"51, Bhatia Street, Pimpri-Chinchwad 961108",Associate Professor
P-0387,Lakshmi Ratti,55,M,"990, Rajagopalan Chowk, Haldia 507859","Engineer, automotive"
P-0388,Harshil Arora,28,F,"28/45, Srivastava Marg, Gaya 200249",Press photographer
P-0389,Deepa Dhingra,33,M,"H.No. 95, Pillay Road, Kadapa-038806",Local government officer
P-0390,Sai Jaggi,41,F,"779, Nayak Path, Gurgaon 217073","Accountant, chartered certified"
P-0391,Victor Shukla,26,F,"56, Ratta Ganj, Chennai-015081",Curator
P-0392,Ria Hayer,55,M,"H.No. 334, Kanda Street, Akola 832302",Garment/textile technologist
P-0393,Ansh Devan,46,M,"H.No. 34, Khatri Chowk, Serampore-896112","Conservator, furniture"
P-0394,Rehaan Walia,57,F,"H.No. 96, Batra Ganj, Jorhat-253042",Rural practice surveyor
P-0395,Shaurya Bumb,20,M,"868, Tara Path, Mangalore-587774",Television camera operator
P-0396,Balhaar Johal,36,F,"36, Mohan Ganj, Burhanpur-548121",Hotel manager
P-0397,Zilmil Pandey,40,F,"89, Sandhu Path, Bhind-657546",Agricultural consultant
P-0398,Riya Kaur,19,M,"H.No. 14, Varghese Circle, Bally 111508","Engineer, control and instrumentation"
P-0399,Ronith Narayan,28,F,"43/928, Anand Road, Ichalkaranji 669078",Database administrator
P-0400,Vedant Karan,23,M,"898, Shenoy Chowk, Guwahati-366377","Surveyor, insurance"
P-0401,Kavya Dewan,59,M,"07/553, Sandal Marg, Siwan-590902","Designer, exhibition/display"
P-0402,Mahika Raj,24,M,"H.No. 863, Chopra Chowk, Jehanabad-412182",Ambulance person
P-0403,Avi Grover,43,F,"43, Manne Ganj, Malda-580256","Nurse, adult"
P-0404,Indrajit Dayal,48,F,"16/323, Sankaran Road, Kozhikode-938743",Actor
P-0405,Sanaya Bhatt,29,F,"59/77, Baral Chowk, Tumkur-546926",Fisheries officer
P-0406,Rachana Shankar,38,F,"91/603, Mahal Street, Jabalpur-768151",Civil Service fast streamer
P-0407,Nimrat Seshadri,55,M,"807, Bora Nagar, Eluru-636004",Colour technologist
P-0408,Eta Shetty,22,M,"H.No. 183, Dey Chowk, Alwar-209124",Company secretary
P-0409,Om Brahmbhatt,29,M,"752, Banerjee Ganj, Mango 816470","Therapist, sports"
P-0410,Chanakya Purohit,62,M,"H.No. 33, Babu Zila, Bhopal-531312",Diplomatic Services operational officer
P-0411,Ojasvi Vala,36,F,"H.No. 83, Johal, Haldia 331552","Administrator, local government"
P-0412,Diya Arora,61,F,"31, Pillay Road, Jabalpur-649718","Teacher, adult education"
P-0413,Zayan Chandran,50,F,"25/257, Nayak Zila, Narasaraopet 683890","Exhibitions officer, museum/gallery"
P-0414,Jeet More,45,F,"910, Prasad Street, Sagar-263039","Producer, radio"
P-0415,Krish Mall,32,M,"64/03, Oommen Path, Tiruppur 339685","Education officer, museum"
P-0416,Abeer Bhattacharyya,41,F,"023, Chand Street, Guntakal-381674","Development worker, international aid"
P-0417,Yash Samra,26,F,"H.No. 49, Jaggi Chowk, Ongole-566277","Pharmacist, hospital"
P-0418,Nachiket Subramaniam,62,F,"14, Yogi, Begusarai 467474",Mining engineer
P-0419,Ekbal Nath,52,F,"230, Tella Nagar, Pallavaram-665674",Theatre stage manager
P-0420,Nilima Barad,21,M,"23/64, Upadhyay Path, Arrah 663370",Medical illustrator
P-0421,Manbir Lal,44,M,"H.No. 39, Edwin, Bhiwandi-669183",Pharmacologist
P-0422,Prisha Krishnan,19,M,"46/11, Padmanabhan, Agartala 640270",Chief Strategy Officer
P-0423,Omisha Vohra,38,M,"62/252, Hora Street, South Dumdum-793230","Education officer, museum"
P-0424,Aashi Rege,27,F,"21/416, Malhotra Zila, Tiruvottiyur-937710","Biochemist, clinical"
P-0425,Abhimanyu Barman,37,F,"06/98, Sunder Road, Naihati 555535",Oceanographer
P-0426,Dakshesh Parekh,26,M,"H.No. 762, Das Nagar, Kulti 797863","Accountant, chartered certified"
P-0427,Anay Parsa,50,F,"73/976, Bumb, Haldia 164932","Scientist, product/process development"
P-0428,Joshua Tank,30,M,"87/271, Zachariah Chowk, Latur 211602","Journalist, newspaper"
P-0429,Avni Kannan,43,M,"12/871, Kapur Path, Tiruvottiyur 686334",Commercial art gallery manager
P-0430,Gagan Choudhury,51,F,"93/195, Munshi Street, Gangtok 409836",Pharmacologist
P-0431,Janya Date,23,F,"08, Mutti Chowk, Sagar-772942",Animal nutritionist
P-0432,Dayamai Thakkar,21,F,"97/374, Bhargava Marg, Jamnagar 302764","Designer, jewellery"
P-0433,Manya Nazareth,20,F,"H.No. 66, Wable Zila, Ichalkaranji-861259",Audiological scientist
P-0434,Tanvi Gade,23,F,"74/233, Andra Ganj, Ramgarh-266201",Market researcher
P-0435,Praneel Ben,55,F,"62/63, Dani Nagar, Sikar 492617",Museum/gallery exhibitions officer
P-0436,Sai Pillai,55,F,"H.No. 117, Kar Circle, Dharmavaram 419267",Politician's assistant
P-0437,Jeremiah Chaudhary,64,F,"82/606, Yadav Circle, Rajkot 312920","Surveyor, building control"
P-0438,Dipta Das,37,M,"32/18, Banerjee Road, Amravati 582603",Hydrologist
P-0439,Zilmil Memon,44,M,"75/85, Yohannan, Navi Mumbai-303243",Contractor
P-0440,Jagrati Mall,39,M,"H.No. 844, Gade Marg, Sirsa-462831",Geophysical data processor
P-0441,Kashish Vaidya,58,F,"566, Kota Nagar, Gopalpur-818615",Chartered public finance accountant
P-0442,Gauri Mahajan,63,F,"H.No. 01, Kapadia Marg, Vasai-Virar-284971",Seismic interpreter
P-0443,Baghyawati Madan,24,F,"562, Wali Path, Morena 408222",Multimedia specialist
P-0444,Chatresh Prabhakar,25,M,"72/757, Mangat Circle, Haldia-414651",Cartographer
P-0445,Wriddhish Chander,46,F,"H.No. 487, Samra Nagar, Nangloi Jat-881609",Energy manager
P-0446,Pavani Warrior,52,M,"89/097, Viswanathan Street, Akola 528506",Research scientist (life sciences)
P-0447,Onkar Prakash,44,F,"38/144, Memon Chowk, Kakinada 963480","Psychologist, educational"
P-0448,Dakshesh Parekh,40,M,"H.No. 45, Ahluwalia Zila, Gaya 501673",Chartered accountant
P-0449,Nirja Dasgupta,40,M,"437, Prasad Marg, Bharatpur-284177","Designer, television/film set"
P-0450,Irya Saraf,23,M,"31/340, Rana Street, Bathinda 237416",Records manager
P-0451,Joshua Nair,52,M,"110, Dugal Street, Orai-305690",Politician's assistant
P-0452,Bimala Manda,41,F,"39, Vaidya Street, Kulti-143637","Civil engineer, contracting"
P-0453,Ranbir Dixit,65,M,"604, Dhingra Ganj, Surat-106684",Exercise physiologist
P-0454,Gayathri Sandhu,34,M,"60/41, Patla Road, Etawah-350200",Associate Professor
P-0455,Simon Mangal,28,F,"16/24, Patla Chowk, Avadi-108255",Medical illustrator
P-0456,Wazir Majumdar,31,M,"H.No. 129, Barman Zila, Nellore-118954",Public relations account executive
P-0457,Mitesh Bassi,57,M,"84, Palan Circle, Sultan Pur Majra-617688",Advertising copywriter
P-0458,Anusha Dayal,60,M,"03/67, Varghese Circle, Dehradun 868669",Glass blower/designer
P-0459,Qarin Aggarwal,30,F,"08/78, Lad Circle, Muzaffarnagar-481230","Social research officer, government"
P-0460,Bishakha Baral,48,F,"403, Warrior Ganj, Mumbai-955184",Contracting civil engineer
P-0461,Chaitaly Nair,62,F,"H.No. 34, Kunda Street, Siwan 649837",English as a second language teacher
P-0462,Amruta Jani,59,F,"36, Divan Path, Tiruchirappalli-272239",Recycling officer
P-0463,Baghyawati Bail,28,F,"693, Dhar Zila, Purnia 761820",Toxicologist
P-0464,Krishna Rajagopalan,23,F,"H.No. 023, Loyal Zila, Ghaziabad 018513",Corporate treasurer
P-0465,Sachi Gade,47,F,"23, Loke Nagar, Jaipur 184186",Curator
P-0466,Udarsh Bajwa,36,M,"25, Kara Road, Gorakhpur-213145",Camera operator
P-0467,Jagat Patel,41,M,"22/68, Golla Path, Jalgaon 945147","Merchandiser, retail"
P-0468,Faraj Agate,38,F,"H.No. 26, Sridhar Chowk, Gorakhpur-421522",Musician
P-0469,Eiravati Talwar,47,M,"69/523, Sahota Marg, Siwan-883619","Pharmacist, community"
P-0470,Gagan Keer,22,F,"058, Deol Chowk, Allahabad 524728","Pharmacist, community"
P-0471,Shivansh Kapur,37,M,"H.No. 260, Prabhu Marg, Aligarh 792025",Counsellor
P-0472,Yash Bose,60,M,"272, Mistry Circle, Bulandshahr 704120",Ambulance person
P-0473,Yahvi Dyal,58,F,"78, Thaker Road, Ambattur 241862","Engineer, mining"
P-0474,Daksh Kanda,48,M,"89/177, Ravel Path, Dehradun-563411",Careers adviser
P-0475,Gautami Bala,47,M,"811, Apte Ganj, Maheshtala-034199",Armed forces operational officer
P-0476,Chakradev Bava,39,F,"H.No. 05, Rao Road, Satna 521568",Chiropractor
P-0477,Arjun Raja,51,M,"H.No. 22, Brar Chowk, Ahmednagar-228898",Licensed conveyancer
P-0478,Karan Nori,22,F,"60/63, Borde Ganj, Tezpur 102481",Research scientist (physical sciences)
P-0479,Suhani Murthy,25,F,"149, Pandit Path, Madurai-747472",Community pharmacist
P-0480,Balveer Patla,64,M,"92, Peri Chowk, Dindigul 687409",Barista
P-0481,Abhiram Dubey,51,M,"29, Bora Marg, Munger 157787",Clinical embryologist
P-0482,Pranit Chokshi,21,M,"651, Oommen Path, Rajpur Sonarpur-147082","Psychotherapist, dance movement"
P-0483,Tanay Nagarajan,64,F,"H.No. 567, Bhagat Ganj, Lucknow 442121",Graphic designer
P-0484,Finn Misra,47,M,"34/20, Sangha Zila, Bihar Sharif-356778","Designer, multimedia"
P-0485,Isha Ramachandran,42,F,"H.No. 992, Nadig Path, Saharanpur 275164","Scientist, research (life sciences)"
P-0486,Shravya Dass,37,F,"H.No. 336, Ganesan Circle, Thrissur-339055","Administrator, sports"
P-0487,Damyanti Thakkar,45,F,"76/655, Sandhu Circle, Raipur 765289","Designer, textile"
P-0488,Lakshmi Mane,62,M,"91/111, Sabharwal Nagar, Mehsana-789046","Engineer, mining"
P-0489,Suhani Raj,59,F,"15, Sachar Chowk, Chennai 384444",Patent examiner
P-0490,Aayush Sachdeva,23,F,"H.No. 258, Nadkarni, Tirunelveli 386396",Arts development officer
P-0491,Kabir Ramakrishnan,25,F,"H.No. 82, Kashyap Marg, Cuttack-964825","Engineer, electronics"
P-0492,Girik Bal,37,F,"92/098, Raja Zila, Bikaner-523343",Social worker
P-0493,Kritika Lad,65,M,"H.No. 209, Choudhry Zila, Kavali 124421",Careers adviser
P-0494,Janaki Johal,40,M,"06, Sur Zila, Bhagalpur-657224",Administrator
P-0495,Azad Dalal,56,M,"99, Ahluwalia Circle, Nagaon 139080","Scientist, marine"
P-0496,Tarak Patla,41,F,"H.No. 523, Date Zila, Panipat 315847",Research scientist (life sciences)
P-0497,Yauvani Ratta,60,F,"346, Muni Zila, Tiruppur-676945",Writer
P-0498,Leela Sanghvi,27,M,"H.No. 17, Bandi Street, Dharmavaram-498560",Colour technologist
P-0499,Ekantika Sanghvi,38,F,"135, Dhillon Path, Bhilai-505379",IT technical support officer
P-0500,Dominic Rajan,60,F,"31/84, Borde, Raebareli 533077",Armed forces training and education officer
P-0501,Oviya Dar,27,M,"959, Khalsa Marg, Anantapuram 907426",Animator
P-0502,Geetika Babu,60,F,"H.No. 644, Pal Path, Vijayawada 790647","Research officer, political party"
P-0503,Kashvi Chauhan,51,F,"H.No. 021, Sarin Path, Tirunelveli 358004",Armed forces logistics/support/administrative officer
P-0504,Chanakya Modi,20,F,"H.No. 96, Garde Road, Ballia 125296",Product manager
P-0505,Wridesh Sridhar,38,M,"H.No. 73, Lalla Zila, Gwalior-833117",Best boy
P-0506,Agastya Kalita,32,F,"715, Wable Ganj, Bijapur-281235",Musician
P-0507,Yochana Jain,50,M,"H.No. 462, Chaudry Road, Surendranagar Dudhrej-130724",Air cabin crew
P-0508,Sneha Pandey,33,M,"15/63, Ranganathan Street, Danapur 074510",Museum/gallery exhibitions officer
P-0509,Rishi Menon,28,M,"948, Tak, Moradabad-313100",Teaching laboratory technician
P-0510,William Bhatti,37,M,"966, Chaudhuri Marg, Agartala 323549",Holiday representative
P-0511,Girindra Goyal,51,M,"32/512, Natarajan Street, Ajmer-765024",Camera operator
P-0512,Aditya Pandey,61,F,"37, Bath Zila, Tezpur-388221",Chiropodist
P-0513,Gautami Sethi,58,M,"47/45, Arya Chowk, Barasat-897148",Advertising art director
P-0514,Nirja Kannan,57,F,"03, Sankar, Tiruppur-361487",Secretary/administrator
P-0515,Alka Palla,28,M,"64/43, Venkatesh Nagar, Pudukkottai 679541",Actuary
P-0516,Manan Shukla,30,M,"82/47, Bhattacharyya Road, Kanpur-034910",Records manager
P-0517,Abdul Sani,65,F,"H.No. 425, Thakkar Road, Chandigarh 236914",English as a foreign language teacher
P-0518,Urvashi Pant,21,F,"61, Mittal Road, Malegaon-592342",Pension scheme manager
P-0519,Charvi Mody,42,M,"78/26, Char Marg, Hajipur 585756","Psychologist, prison and probation services"
P-0520,Nirja Shenoy,47,F,"12, Mittal, Amaravati 298940","Nurse, learning disability"
P-0521,Neha Ahuja,47,M,"H.No. 104, Nath Zila, Ramagundam-501980","Engineer, energy"
P-0522,Warhi Deshpande,53,M,"H.No. 40, Iyer Chowk, Jabalpur-291813","Engineer, energy"
P-0523,Urvi Bakshi,38,F,"H.No. 146, Gour Chowk, Bongaigaon-979162",Advertising copywriter
P-0524,Lucky Khosla,31,F,"74, Chaudhry Road, Arrah-661766",Data scientist
P-0525,Bhanumati Shankar,62,F,"H.No. 940, Saxena, Raichur 774025","Restaurant manager, fast food"
P-0526,Ikshita Vohra,48,F,"259, Sharaf Path, Alwar-617679",Education administrator
P-0527,Kai Naik,43,F,"H.No. 002, Char Ganj, Panchkula 533126",Petroleum engineer
P-0528,David Krishna,29,M,"17/590, Nagi Street, Hospet 298334",Recycling officer
P-0529,Bhavika Kar,57,M,"83, Bajwa Zila, Kurnool-205698",Building surveyor
P-0530,Qasim Wable,35,M,"978, Parikh Path, Jabalpur-661912","Scientist, forensic"
P-0531,Harrison Dalal,60,F,"H.No. 985, Kapur Nagar, Chandrapur-512418",Teaching laboratory technician
P-0532,Zarna Tella,42,M,"08/19, Lall Chowk, Patna 643502","Engineer, energy"
P-0533,David Keer,64,M,"90/51, Buch Marg, Bikaner-010783",Maintenance engineer
P-0534,Vanya Mitter,37,M,"H.No. 038, Raghavan, Suryapet-066266",Stage manager
P-0535,Jack Sarma,29,F,"H.No. 35, Bhardwaj Marg, Ahmednagar 903689",Armed forces technical officer
P-0536,Zaid Bhandari,47,M,"724, Murthy Nagar, Madanapalle 429671",Camera operator
P-0537,Zashil Jha,46,M,"745, Master Circle, Hajipur-588105",Paediatric nurse
P-0538,Ati Brar,33,F,"34/83, Pradhan Zila, Vadodara-771070",Geophysicist/field seismologist
P-0539,Leena Mital,41,M,"H.No. 96, Bahl Chowk, Yamunanagar 033626",Site engineer
P-0540,Dalaja Balay,45,M,"54/93, Om Nagar, Purnia 186487",Photographer
P-0541,Nicholas Raj,44,F,"044, Krish Zila, Naihati-094544",Translator
P-0542,Jeet Mohanty,34,F,"770, Andra Chowk, Vadodara 783609",Cartographer
P-0543,Dipta Bhatt,24,F,"H.No. 44, Datta Chowk, Akola-903102",Risk manager
P-0544,Edhitha Barman,33,M,"44/058, Keer Nagar, Moradabad-871813","Engineer, electronics"
P-0545,Kamya Sagar,39,M,"H.No. 20, Parsa Path, Vellore 749025",Armed forces operational officer
P-0546,Mason Bal,64,F,"H.No. 88, Padmanabhan, Burhanpur 261139",Retail manager
P-0547,Jairaj Wable,28,M,"88/754, Memon Ganj, Ozhukarai 537513","Producer, television/film/video"
P-0548,Janaki Buch,21,F,"H.No. 79, Sen Ganj, Berhampur 836929",Gaffer
P-0549,Harita Murthy,49,M,"68, Talwar Street, Bokaro 021648","Psychotherapist, dance movement"
P-0550,Jonathan Bandi,64,F,"21/288, Sami Marg, Warangal-834155","Therapist, art"
P-0551,Chakradev Borah,47,M,"76, Sood Road, South Dumdum 209957",Museum education officer
P-0552,Reva Goda,24,M,"475, Vasa Nagar, Baranagar 652203",Planning and development surveyor
P-0553,Dipta Chaudhary,35,M,"144, Sarna Chowk, Gulbarga 491342",Chief Operating Officer
P-0554,Yashoda Ganguly,28,F,"83/07, Pingle Nagar, Ichalkaranji 782741",Communications engineer
P-0555,Rachana Tak,26,F,"415, Kapadia Zila, Khammam 854781",International aid/development worker
P-0556,Rachita Chaudhry,34,F,"00/32, Puri, Thiruvananthapuram 727274","Conservator, museum/gallery"
P-0557,Gaurang Varty,26,M,"17, Joshi Circle, Agra-496935",Radio broadcast assistant
P-0558,Charita Kata,34,F,"69, Srivastava Path, Jalandhar 146753","Physicist, medical"
P-0559,Patrick Shetty,59,F,"H.No. 62, Suresh Chowk, Noida 448360","Surveyor, planning and development"
P-0560,Advika Nadkarni,23,M,"66, Bhagat Road, Shivpuri-504763","Teacher, primary school"
P-0561,Samuel Choudhary,50,M,"80/06, Nath Zila, Begusarai 083583","Designer, graphic"
P-0562,Veer Mannan,59,M,"H.No. 63, Kothari Circle, Vadodara-818670","Designer, graphic"
P-0563,Charvi Bajwa,64,M,"H.No. 416, Deep Marg, Guwahati-186008",Trade union research officer
P-0564,Girish Raman,37,F,"H.No. 68, Mittal Nagar, Berhampore-149764","Pilot, airline"
P-0565,Tristan Ray,19,F,"H.No. 88, Raja Ganj, Mehsana 581739",Agricultural consultant
P-0566,Vincent Sekhon,34,F,"14/52, Chandran Zila, Dhule 931269",Public librarian
P-0567,Daniel Tak,30,M,"H.No. 52, Nagy Nagar, Kolkata 387875",Fashion designer
P-0568,Triya Subramanian,52,F,"16, Arya Street, Saharsa 237106",Research scientist (life sciences)
P-0569,Vidhi Dey,23,M,"H.No. 416, Madan Road, Srikakulam-922483",Visual merchandiser
P-0570,Zilmil Krishnamurthy,43,F,"522, Som Circle, Ratlam-227104",Emergency planning/management officer
P-0571,Girindra Yogi,21,F,"H.No. 097, Dugar, Etawah-503446",Television/film/video producer
P-0572,Jhalak Rau,42,F,"H.No. 921, Mammen Ganj, Firozabad 289659","Therapist, drama"
P-0573,Urvashi Kadakia,20,F,"319, Dhar Street, Fatehpur-510287","Physicist, medical"
P-0574,Eta Mittal,23,F,"66/67, Muni Path, Bettiah 932426","Surveyor, minerals"
P-0575,Vrishti Krishna,34,M,"52/057, Samra Path, Tadepalligudem 652037",Media planner
P-0576,Abdul Mukherjee,56,F,"H.No. 48, Mahajan Nagar, Panipat 604409",Airline pilot
P-0577,Suhani Swaminathan,27,M,"81/050, Dua, Mira-Bhayandar-610705",Chief Strategy Officer
P-0578,Rishi Badal,41,F,"29/580, Saha Marg, Amritsar 824127",Armed forces operational officer
P-0579,Rushil Tiwari,60,M,"04/485, Om Zila, Tezpur-971112",Chartered legal executive (England and Wales)
P-0580,Eesha Bahri,62,F,"571, Morar Ganj, Mira-Bhayandar-064242",Systems analyst
P-0581,Odika Kara,63,F,"244, Lalla Chowk, Unnao-955872",Animator
P-0582,Nachiket Yogi,59,M,"H.No. 43, Thakur Path, Mysore-437401","Scientist, forensic"
P-0583,Vaishnavi Dey,27,M,"H.No. 96, Bandi, Vasai-Virar-026755",Chiropodist
P-0584,Ishita Mohan,64,F,"20/79, Saran Chowk, Bhalswa Jahangir Pur-459576",Hydrologist
P-0585,Vivaan Tripathi,21,F,"49, Balakrishnan Marg, Anand 498392","Conservator, furniture"
P-0586,Bhavini B.,60,,"H.No. 425, Randhawa Chowk, Jaunpur 232441",Electrical engineer
P-0587,Forum,42,,"13, Prasad Street, Morena-517863",Public house manager
P-0588,Mekhala Jani,55,,"31/625, Ratta Street, Ichalkaranji-968157",Theatre director
P-0589,M. Bhatti,57,,"23/55, Thaker Path, Phagwara 132730","Engineer, mining"
P-0590,Unnati J.,62,,"H.No. 562, Dora Marg, Bijapur 704622",Occupational therapist
P-0591,Ijaya Pandey,42,,"H.No. 516, Dyal Nagar, Warangal 707660",Immunologist
P-0592,David,47,,"19/785, Nayak Chowk, Gorakhpur-686120",Leisure centre manager
P-0593,E. Shetty,55,,"97/60, Manda Chowk, Bhilai 750954","Physicist, medical"
P-0594,Gaurang V.,52,,"H.No. 842, Parikh Road, Pune 540915",Animator
P-0595,Isha,44,,"181, Dhillon Street, Chinsurah-579389",Proofreader
P-0596,Parth,60,,"H.No. 50, Chaudhuri Street, Anand 546602",Furniture designer
P-0597,Timothy,34,,"H.No. 394, Varkey Road, Dhanbad 973642",Health and safety inspector
P-0598,M. Patla,20,,"440, Johal Marg, Vijayanagaram 447951",Environmental consultant
P-0599,Chatresh H.,50,,"53/194, Sharma, Hindupur-867805","Librarian, public"
P-0600,Darpan Pradhan,43,,"27, Kade Chowk, Pali 609178",Location manager
P-0601,Aadhya Mann,26,,"85/445, Sibal Chowk, Bhatpara 959660",Herpetologist
P-0602,Veer,35,,"82, Dasgupta Marg, Tenali-319422",Oncologist
P-0603,Bhavya Sen,32,,"694, Patil Path, Ratlam-367747","Designer, graphic"
P-0604,Chakrika Bhagat,37,,"H.No. 08, Shetty Path, Navi Mumbai-966630",Water engineer
P-0605,Yatin Dass,31,,"98/19, Rege, Anantapur-297150",Tourist information centre manager
P-0606,D. Parekh,27,,"753, Sodhi Street, North Dumdum-410397",Psychiatric nurse
P-0607,C. Purohit,47,,"278, Narula Zila, Sambalpur-100687",Musician
P-0608,Joshua N.,64,,"H.No. 81, Walla, Bahraich 046056",Sales promotion account executive
P-0609,Balhaar Johal,24,,"H.No. 124, Choudhury, Ambarnath-523734",Chief Strategy Officer
P-0610,Varsha,61,,"73, Oommen Road, Raiganj 749490",Counselling psychologist
P-0611,Zayyan,64,,"H.No. 359, Manne Path, Kozhikode-774222",Translator
P-0612,R. Menon,54,,"H.No. 30, Mitter Ganj, Bhimavaram 458867",Water engineer
P-0613,William Bhattee,37,,"29/858, Radhakrishnan Path, Gulbarga-276015",Equality and diversity officer
P-0614,Zarna,29,,"249, Hegde Zila, Panchkula 908335",Amenity horticulturist
P-0615,Pranit S.,42,,"H.No. 81, Warrior Road, Pimpri-Chinchwad-983342",Financial risk analyst
P-0616,Quincy Mann,33,,"094, Mall Circle, Jhansi-284033",Financial planner
P-0617,P. Ben,31,,"H.No. 805, Hegde Zila, Bhiwandi-173189","Engineer, structural"
P-0618,Ekta S.,34,,"09/61, Hayer Chowk, Mumbai-694725","Runner, broadcasting/film/video"
P-0619,Kashish Vaidya,20,,"44/835, Thakur Road, Gandhidham-270587",Research scientist (life sciences)
P-0620,Balveer,54,,"H.No. 641, Oommen Chowk, Jammu-334845",Set designer
P-0621,Patrick Shhetty,42,,"49/392, Dugar Path, Tenali-292587","Therapist, nutritional"
P-0622,Vanya Kadakia,54,,"474, Dhillon Path, Thoothukudi-574696",Pensions consultant
P-0623,Januja S.,58,,"H.No. 652, Mahal Chowk, Panihati 445056",Museum/gallery exhibitions officer
P-0624,H. Chand,23,,"987, Chhabra Road, Latur 579706","Radiographer, therapeutic"
P-0625,Sarthak,44,,"96/01, Oommen Nagar, Siwan-741721","Journalist, broadcasting"
P-0626,Janani Soman,52,,"949, Chakrabarti Ganj, Sambalpur-984884",Advertising copywriter
P-0627,Chaaya Saha,45,,"55/732, Sidhu Path, Jaunpur-534490",Counselling psychologist
P-0628,Oliver Naeedu,23,,"67, Wadhwa Nagar, Anand 096085",Solicitor
P-0629,Mitesh B.,39,,"51/19, Chowdhury Zila, Anand-979316",Health and safety inspector
P-0630,J. Chaudhary,47,,"25/129, Setty Path, Jaipur-940960",Actuary
P-0631,Vasana Narayanan,62,,"24, Narain Ganj, Kollam-923234","Education officer, community"
P-0632,Simon Mangal,41,,"90/28, Biswas Path, Satna 334264","Exhibitions officer, museum/gallery"
P-0633,Jai K.,54,,"H.No. 271, Bal Marg, Dhule-077633",Museum/gallery conservator
P-0634,Anusha Dayal,30,,"898, Gaba Zila, Jamshedpur 955633",Chemical engineer
P-0635,Harinakshi S.,46,,"H.No. 81, Babu Chowk, Nadiad 615541",Politician's assistant
P-0636,Yatan Shom,22,,"16/704, Bath Path, Kulti 902822","Psychotherapist, dance movement"
P-0637,P. Warrior,52,,"34/59, Dugar Marg, Malegaon 822512",Air traffic controller
P-0638,Dakshesh K.,38,,"H.No. 65, Nagi Road, Indore-070260","Solicitor, Scotland"
P-0639,Zaitra D.,29,,"105, Chanda Ganj, Amritsar-776872",Toxicologist
P-0640,Janani,64,,"74, Naidu Street, Srikakulam 779323","Scientist, biomedical"
P-0641,Abeer B.,41,,"116, Cheema Road, Kamarhati-245798","Scientist, forensic"
P-0642,Chatresh Veeg,37,,"H.No. 65, Banerjee Street, Nashik 202032",Occupational psychologist
P-0643,I. Vohra,35,,"77/53, Ravi, Kakinada 948714","Scientist, audiological"
P-0644,Isha K.,59,,"457, Shan Circle, Tiruvottiyur 156082",Chief Marketing Officer
P-0645,Edhitha Shura,36,,"H.No. 184, Palan Street, Bidhannagar-818268","Engineer, broadcasting (operations)"
P-0646,Chaitaly D.,59,,"H.No. 358, Doshi, Katihar-838252",Chiropodist
P-0647,Nirja,58,,"28/963, Bawa Road, Sagar-867752",Hydrologist
P-0648,Karan Chana,24,,"H.No. 84, Bhavsar Ganj, Bulandshahr 272362",Personnel officer
P-0649,Fiyaz Mukherji,60,,"513, Dey Road, Amravati-372450",Commercial/residential surveyor
P-0650,Orinder S.,56,,"97/374, Sha Zila, Madurai 406417",Physiological scientist
