phone_id,number,owner_person_id,carrier
PH-0001,2743811995,P-0595,Airtel
PH-0002,+917660144485,P-0176,Vi
PH-0003,04510173973,P-0578,Jio
PH-0004,6417899698,P-0030,Jio
PH-0005,6091919113,P-0047,Vi
PH-0006,09966057798,P-0216,BSNL
PH-0007,+916603920514,P-0633,Jio
PH-0008,00745553470,P-0470,Vi
PH-0009,07423885652,P-0310,BSNL
PH-0010,01559835411,P-0251,BSNL
PH-0011,6597263475,P-0305,BSNL
PH-0012,07522501394,P-0466,Jio
PH-0013,8488269131,P-0162,BSNL
PH-0014,+919642585626,P-0426,BSNL
PH-0015,+914991537038,P-0476,Airtel
PH-0016,+914073333732,P-0349,Airtel
PH-0017,+914309776889,P-0321,Vi
PH-0018,+916289696454,P-0354,BSNL
PH-0019,05535851253,P-0134,Vi
PH-0020,9218785193,P-0528,Jio
PH-0021,5837490797,P-0327,Airtel
PH-0022,09612087805,P-0478,Jio
PH-0023,02151494097,P-0274,BSNL
PH-0024,02637484539,P-0254,Airtel
PH-0025,6289509059,P-0100,Jio
PH-0026,+911918623392,P-0298,BSNL
PH-0027,+910715116966,P-0517,BSNL
PH-0028,07252145264,P-0255,Airtel
PH-0029,01246335157,P-0336,Vi
PH-0030,+918409080512,P-0195,Airtel
PH-0031,+918005640995,P-0511,BSNL
PH-0032,+912397283512,P-0511,Vi
PH-0033,5927282709,P-0510,Jio
PH-0034,+918144152982,P-0093,BSNL
PH-0035,+917392957867,P-0518,BSNL
PH-0036,+918153523736,P-0247,Airtel
PH-0037,+915079181589,P-0598,Vi
PH-0038,8868345273,P-0050,Jio
PH-0039,06666170715,P-0289,BSNL
PH-0040,7964740803,P-0612,BSNL
PH-0041,+914998250800,P-0293,Jio
PH-0042,06358068828,P-0111,BSNL
PH-0043,00317235137,P-0138,Vi
PH-0044,+919900631403,P-0375,BSNL
PH-0045,5263560229,P-0375,Jio
PH-0046,+919469434606,P-0411,Jio
PH-0047,06437490607,P-0584,Airtel
PH-0048,+913111271285,P-0372,Vi
PH-0049,+914648449411,P-0076,BSNL
PH-0050,03187328077,P-0517,BSNL
PH-0051,+911306211369,P-0564,Vi
PH-0052,07279083350,P-0639,Jio
PH-0053,0254257306,P-0132,Jio
PH-0054,02481323570,P-0404,Vi
PH-0055,01398482285,P-0348,Vi
PH-0056,+911168809255,P-0148,Airtel
PH-0057,+912130609069,P-0617,BSNL
PH-0058,+913098107964,P-0426,Jio
PH-0059,9673794577,P-0047,Jio
PH-0060,+917853242642,P-0141,Vi
PH-0061,00642076836,P-0486,BSNL
PH-0062,+915366677767,P-0153,Airtel
PH-0063,05562833339,P-0336,Vi
PH-0064,+919578654362,P-0167,BSNL
PH-0065,01874960335,P-0632,Vi
PH-0066,2686270369,P-0608,Vi
PH-0067,2492693265,P-0520,BSNL
PH-0068,03275998011,P-0577,Vi
PH-0069,+910005155323,P-0487,Jio
PH-0070,01595977524,P-0378,Vi
PH-0071,01822261896,P-0113,BSNL
PH-0072,+918874312710,P-0598,Vi
PH-0073,+916767209579,P-0645,Jio
PH-0074,2707955151,P-0612,BSNL
PH-0075,+912946213541,P-0272,Airtel
PH-0076,09709962543,P-0053,BSNL
PH-0077,4807520344,P-0175,BSNL
PH-0078,06504715802,P-0152,Airtel
PH-0079,0904637660,P-0567,Jio
PH-0080,4655866525,P-0196,Jio
PH-0081,4837441715,P-0452,Vi
PH-0082,1021312512,P-0429,Airtel
PH-0083,3110059129,P-0423,Airtel
PH-0084,7519102312,P-0421,BSNL
PH-0085,+911063301658,P-0064,Airtel
PH-0086,+917379274907,P-0532,Airtel
PH-0087,+918012342893,P-0575,Vi
PH-0088,1132532694,P-0490,BSNL
PH-0089,6843645380,P-0322,Airtel
PH-0090,4421017509,P-0471,Vi
PH-0091,01701595919,P-0401,Vi
PH-0092,05757574758,P-0271,BSNL
PH-0093,3392056775,P-0197,Airtel
PH-0094,07772266025,P-0286,Vi
PH-0095,02650622923,P-0231,Vi
PH-0096,+910672453076,P-0296,Airtel
PH-0097,+914843379766,P-0501,Vi
PH-0098,+917051157942,P-0492,Vi
PH-0099,+918736704254,P-0574,Vi
PH-0100,9691928455,P-0295,Jio
PH-0101,2597107563,P-0588,BSNL
PH-0102,+915357485953,P-0539,Vi
PH-0103,+915939933797,P-0150,Vi
PH-0104,+915816295187,P-0044,Vi
PH-0105,09417634250,P-0081,Vi
PH-0106,03305597824,P-0453,Vi
PH-0107,07598339914,P-0491,Airtel
PH-0108,0388436604,P-0207,Vi
PH-0109,03240061572,P-0576,Vi
PH-0110,06829751474,P-0141,Jio
PH-0111,+919742925010,P-0631,Airtel
PH-0112,08752568065,P-0249,Jio
PH-0113,02590459908,P-0544,Airtel
PH-0114,+912711221823,P-0239,Jio
PH-0115,+915551651768,P-0103,BSNL
PH-0116,+918662813721,P-0339,BSNL
PH-0117,03308003700,P-0103,Airtel
PH-0118,+913228556608,P-0006,Airtel
PH-0119,07068103903,P-0417,BSNL
PH-0120,+919705195826,P-0489,Airtel
PH-0121,+912809448586,P-0295,Vi
PH-0122,+913945354614,P-0293,Jio
PH-0123,00798632106,P-0092,Airtel
PH-0124,+913394394570,P-0548,Jio
PH-0125,3943804032,P-0112,BSNL
PH-0126,03765769277,P-0181,Jio
PH-0127,9431910090,P-0059,BSNL
PH-0128,+914047692105,P-0191,Vi
PH-0129,+913651460401,P-0039,Jio
PH-0130,02473107201,P-0306,Jio
PH-0131,+913798440971,P-0344,Vi
PH-0132,2316600767,P-0466,BSNL
PH-0133,02090144734,P-0421,BSNL
PH-0134,+914337009687,P-0490,Airtel
PH-0135,+910451957782,P-0116,Vi
PH-0136,05882556296,P-0167,BSNL
PH-0137,07542786561,P-0264,Airtel
PH-0138,4255778205,P-0015,Vi
PH-0139,2958292361,P-0303,Airtel
PH-0140,01880819048,P-0180,BSNL
PH-0141,2357155868,P-0438,Vi
PH-0142,6395613723,P-0089,BSNL
PH-0143,0817214364,P-0098,Airtel
PH-0144,+918130004132,P-0144,BSNL
PH-0145,1147165609,P-0332,Airtel
PH-0146,05653469979,P-0007,Vi
PH-0147,0707550476,P-0393,Airtel
PH-0148,1699570607,P-0458,Vi
PH-0149,+917481131765,P-0338,Vi
PH-0150,+919705487396,P-0597,Jio
PH-0151,+910290871827,P-0268,Vi
PH-0152,09680491872,P-0242,Jio
PH-0153,04204956121,P-0122,BSNL
PH-0154,+917730626042,P-0315,Airtel
PH-0155,+915973711222,P-0416,Vi
PH-0156,9907756085,P-0121,Vi
PH-0157,8167046861,P-0377,Airtel
PH-0158,+911457683210,P-0225,Airtel
PH-0159,+911923785847,P-0490,Airtel
PH-0160,+912961803324,P-0466,Vi
PH-0161,+916050801849,P-0426,BSNL
PH-0162,0425373377,P-0551,Airtel
PH-0163,03126881228,P-0254,Jio
PH-0164,+911781923653,P-0539,BSNL
PH-0165,06060560356,P-0541,Vi
PH-0166,09327986239,P-0080,Jio
PH-0167,4716906181,P-0064,Airtel
PH-0168,2054647548,P-0587,Airtel
PH-0169,5478769899,P-0071,Vi
PH-0170,9275175889,P-0533,BSNL
PH-0171,1444498355,P-0120,Airtel
PH-0172,+919354358644,P-0598,BSNL
PH-0173,6392435885,P-0094,BSNL
PH-0174,+917982143395,P-0057,BSNL
PH-0175,+917536749785,P-0136,BSNL
PH-0176,+914914168601,P-0468,Jio
PH-0177,+914778948963,P-0573,BSNL
PH-0178,00679176651,P-0316,Jio
PH-0179,+912150014188,P-0406,Vi
PH-0180,02163090015,P-0004,Airtel
PH-0181,4463339994,P-0593,Jio
PH-0182,5320895326,P-0096,BSNL
PH-0183,+918902199471,P-0353,Jio
PH-0184,+913633792234,P-0180,Jio
PH-0185,+910346996733,P-0071,BSNL
PH-0186,+911677269608,P-0033,Vi
PH-0187,03768550789,P-0419,Airtel
PH-0188,07935219626,P-0139,BSNL
PH-0189,+913556434369,P-0384,BSNL
PH-0190,00931706955,P-0460,BSNL
PH-0191,00767616453,P-0385,Jio
PH-0192,05472239898,P-0553,Airtel
PH-0193,+910650312198,P-0357,Jio
PH-0194,+914184724264,P-0183,BSNL
PH-0195,+913642813190,P-0542,Airtel
PH-0196,2487623039,P-0229,Jio
PH-0197,1114281785,P-0066,Vi
PH-0198,2282305248,P-0475,BSNL
PH-0199,+918806220722,P-0545,BSNL
PH-0200,+919594737213,P-0236,Airtel
PH-0201,+919016204787,P-0472,Vi
PH-0202,6886878599,P-0159,Vi
PH-0203,6486287203,P-0194,Jio
PH-0204,+919541966645,P-0618,BSNL
PH-0205,+915730362792,P-0630,Jio
PH-0206,4632037476,P-0247,Airtel
PH-0207,07537260321,P-0069,Jio
PH-0208,05057661945,P-0609,Jio
PH-0209,8707155348,P-0458,Jio
PH-0210,+910128400838,P-0251,Jio
PH-0211,00765975954,P-0412,BSNL
PH-0212,00891776808,P-0240,Airtel
PH-0213,9812657422,P-0058,Airtel
PH-0214,+911964630040,P-0516,Vi
PH-0215,+913693626894,P-0240,Vi
PH-0216,+910120471372,P-0592,Vi
PH-0217,7117595749,P-0243,Vi
PH-0218,8558298493,P-0147,Airtel
PH-0219,+910674584760,P-0424,Vi
PH-0220,4412833372,P-0282,Jio
PH-0221,+918856669541,P-0571,Airtel
PH-0222,+912971506662,P-0642,BSNL
PH-0223,07055143776,P-0570,BSNL
PH-0224,3663439252,P-0049,Vi
PH-0225,5961111028,P-0391,Vi
PH-0226,07120072024,P-0427,BSNL
PH-0227,05910245109,P-0283,Vi
PH-0228,+910903267149,P-0386,Airtel
PH-0229,09819421794,P-0551,BSNL
PH-0230,+918179340652,P-0247,Airtel
PH-0231,7758446634,P-0308,Airtel
PH-0232,5337220109,P-0475,Jio
PH-0233,+912172214559,P-0576,BSNL
PH-0234,+917661894370,P-0427,Airtel
PH-0235,02635100462,P-0398,Airtel
PH-0236,07657256592,P-0262,Airtel
PH-0237,+912461752023,P-0223,Jio
PH-0238,9743260055,P-0461,Vi
PH-0239,5501783325,P-0095,Airtel
PH-0240,8486899936,P-0501,Vi
PH-0241,0798487045,P-0387,Jio
PH-0242,+916917679935,P-0075,Airtel
PH-0243,3744039464,P-0602,Airtel
PH-0244,+918303736060,P-0491,Airtel
PH-0245,+914886084907,P-0341,Vi
PH-0246,3884136852,P-0016,Airtel
PH-0247,3061537012,P-0195,Jio
PH-0248,4244626325,P-0491,Airtel
PH-0249,+914488112103,P-0619,Airtel
PH-0250,+914217518878,P-0407,Airtel
PH-0251,+917941515263,P-0566,Vi
PH-0252,4091122528,P-0290,BSNL
PH-0253,8375056618,P-0478,Vi
PH-0254,03239791378,P-0316,Vi
PH-0255,06553007309,P-0369,BSNL
PH-0256,00556057121,P-0478,Jio
PH-0257,8819277885,P-0481,Vi
PH-0258,+919053486401,P-0209,Vi
PH-0259,+914246245618,P-0321,BSNL
PH-0260,01744600452,P-0047,Airtel
PH-0261,1289915114,P-0150,Jio
PH-0262,05129391304,P-0268,BSNL
PH-0263,08818984841,P-0303,Airtel
PH-0264,00461540211,P-0201,Vi
PH-0265,0170756814,P-0236,BSNL
PH-0266,+919831522910,P-0584,Airtel
PH-0267,03228360849,P-0512,Vi
PH-0268,3783063963,P-0264,BSNL
PH-0269,4526969443,P-0503,BSNL
PH-0270,1649701693,P-0173,Vi
PH-0271,4292913203,P-0174,Airtel
PH-0272,+910162341903,P-0560,BSNL
PH-0273,1061537221,P-0189,Jio
PH-0274,05668473236,P-0537,Jio
PH-0275,03377460406,P-0077,Jio
PH-0276,02007843614,P-0007,BSNL
PH-0277,+914426078197,P-0141,Airtel
PH-0278,04373476427,P-0070,Airtel
PH-0279,+917203763882,P-0582,Airtel
PH-0280,+914584148460,P-0518,BSNL
PH-0281,+919134438998,P-0045,Jio
PH-0282,+917802058695,P-0633,BSNL
PH-0283,+917321464493,P-0500,Jio
PH-0284,6999516793,P-0007,BSNL
PH-0285,+915055738573,P-0013,Jio
PH-0286,08011923603,P-0543,Vi
PH-0287,06811872333,P-0549,Vi
PH-0288,01040961497,P-0018,BSNL
PH-0289,+911539114983,P-0472,Jio
PH-0290,+917482073651,P-0099,Airtel
PH-0291,+918939406557,P-0247,Airtel
PH-0292,2019043223,P-0635,Vi
PH-0293,0233324707,P-0363,Vi
PH-0294,+919201354621,P-0407,Jio
PH-0295,+917602508261,P-0383,BSNL
PH-0296,+912312616324,P-0471,Airtel
PH-0297,8889957298,P-0232,Vi
PH-0298,9376297454,P-0083,Jio
PH-0299,3036468719,P-0096,BSNL
PH-0300,+912038187692,P-0389,BSNL
PH-0301,+918283230898,P-0566,BSNL
PH-0302,+913881588144,P-0058,Jio
PH-0303,08220673231,P-0176,Jio
PH-0304,2971681572,P-0512,BSNL
PH-0305,4500000015,P-0340,Jio
PH-0306,+919113717850,P-0541,Jio
PH-0307,9025561844,P-0236,Airtel
PH-0308,02182998747,P-0581,BSNL
PH-0309,1224890567,P-0278,Jio
PH-0310,+918670090043,P-0077,Vi
PH-0311,05515848266,P-0557,Jio
PH-0312,1362483550,P-0184,Vi
PH-0313,04296080706,P-0017,Airtel
PH-0314,+913699879509,P-0602,Airtel
PH-0315,8221040164,P-0408,Jio
PH-0316,1880442877,P-0307,Airtel
PH-0317,+918363816432,P-0578,Airtel
PH-0318,1269428946,P-0581,BSNL
PH-0319,02036258631,P-0554,Vi
PH-0320,04170646255,P-0394,Airtel
PH-0321,00263558243,P-0081,Vi
PH-0322,0176464489,P-0055,Jio
PH-0323,8031538882,P-0448,Airtel
PH-0324,05279050404,P-0078,Vi
PH-0325,+913335384951,P-0620,BSNL
PH-0326,03211197871,P-0335,Jio
PH-0327,0933913732,P-0650,Vi
PH-0328,05306011987,P-0462,BSNL
PH-0329,06178688002,P-0234,Vi
PH-0330,+910091561829,P-0567,BSNL
PH-0331,0365774491,P-0443,Airtel
PH-0332,6093659520,P-0600,BSNL
PH-0333,+914911894184,P-0088,Vi
PH-0334,+913687509263,P-0253,Jio
PH-0335,+912399821374,P-0085,Vi
PH-0336,05611404288,P-0158,BSNL
PH-0337,00505376660,P-0650,Airtel
PH-0338,1126003083,P-0399,Vi
PH-0339,06691062715,P-0370,Jio
PH-0340,3123455068,P-0094,Jio
PH-0341,2691776829,P-0316,BSNL
PH-0342,+918440134808,P-0369,Vi
PH-0343,03543788260,P-0105,Airtel
PH-0344,+913591015709,P-0090,Airtel
PH-0345,+918599144920,P-0442,BSNL
PH-0346,7492699969,P-0571,BSNL
PH-0347,6489971842,P-0106,Jio
PH-0348,5969325914,P-0092,Vi
PH-0349,+918499323123,P-0568,Jio
PH-0350,02669806908,P-0612,Vi
PH-0351,02617607234,P-0583,Jio
PH-0352,3893595382,P-0299,BSNL
PH-0353,8040561299,P-0398,Jio
PH-0354,05082695826,P-0573,Airtel
PH-0355,4186965613,P-0586,Airtel
PH-0356,+918761238595,P-0094,Airtel
PH-0357,+914346823948,P-0143,Vi
PH-0358,00027300869,P-0309,Vi
PH-0359,06101683113,P-0505,Airtel
PH-0360,5001680941,P-0065,Airtel
PH-0361,09150762839,P-0446,Vi
PH-0362,06205344077,P-0432,Vi
PH-0363,09462072662,P-0496,Jio
PH-0364,2508177602,P-0370,Vi
PH-0365,9140688413,P-0253,BSNL
PH-0366,+913731255235,P-0609,Airtel
PH-0367,01781703211,P-0469,Jio
PH-0368,2061363852,P-0139,Vi
PH-0369,07895613371,P-0007,BSNL
PH-0370,8444902950,P-0341,BSNL
PH-0371,+916480164403,P-0338,BSNL
PH-0372,03416781277,P-0343,BSNL
PH-0373,8221021798,P-0609,Airtel
PH-0374,+911348629857,P-0308,Vi
PH-0375,9736383182,P-0618,Airtel
PH-0376,5605397079,P-0491,Vi
PH-0377,6617706736,P-0182,BSNL
PH-0378,2050682122,P-0327,Vi
PH-0379,+915521650587,P-0649,BSNL
PH-0380,+914692182192,P-0590,Airtel
PH-0381,09679089843,P-0334,BSNL
PH-0382,09984802205,P-0288,BSNL
PH-0383,+919386948424,P-0374,Jio
PH-0384,5988114578,P-0578,Airtel
PH-0385,7071523867,P-0607,Airtel
PH-0386,07382097461,P-0564,Jio
PH-0387,1779876829,P-0473,Airtel
PH-0388,6872258937,P-0449,Vi
PH-0389,0858062350,P-0071,BSNL
PH-0390,4056695790,P-0512,Airtel
PH-0391,+911248255442,P-0649,Vi
PH-0392,6796325942,P-0248,Vi
PH-0393,3289463389,P-0158,BSNL
PH-0394,+915624152857,P-0633,Jio
PH-0395,+915629269335,P-0460,BSNL
PH-0396,9513818655,P-0597,BSNL
PH-0397,+917846850957,P-0548,BSNL
PH-0398,4430349189,P-0557,Jio
PH-0399,+911797203859,P-0369,Jio
PH-0400,+914015364154,P-0112,Airtel
PH-0401,01553132593,P-0364,Airtel
PH-0402,07813675009,P-0628,Jio
PH-0403,02141052769,P-0188,BSNL
PH-0404,1987809270,P-0340,BSNL
PH-0405,05238885622,P-0109,Jio
PH-0406,08660598678,P-0101,Vi
PH-0407,04422758548,P-0228,Airtel
PH-0408,5965594282,P-0457,Vi
PH-0409,09116502000,P-0401,BSNL
PH-0410,+914539313215,P-0603,Airtel
PH-0411,01305570836,P-0354,Jio
PH-0412,2144488966,P-0495,Jio
PH-0413,9727367746,P-0303,BSNL
PH-0414,+910258254318,P-0088,Jio
PH-0415,+912812312392,P-0146,Vi
PH-0416,0491060183,P-0211,Vi
PH-0417,04723875082,P-0467,Airtel
PH-0418,06817225775,P-0534,BSNL
PH-0419,05847262905,P-0357,BSNL
PH-0420,+919187683160,P-0108,BSNL
PH-0421,2717217337,P-0464,Vi
PH-0422,3992052229,P-0069,Vi
PH-0423,9362165914,P-0046,Jio
PH-0424,+918823255398,P-0024,Vi
PH-0425,+915844617773,P-0112,Airtel
PH-0426,+916430954497,P-0250,Airtel
PH-0427,1279970292,P-0566,Airtel
PH-0428,01205397871,P-0339,BSNL
PH-0429,+917529883220,P-0474,Airtel
PH-0430,1256083200,P-0443,Airtel
PH-0431,08797888975,P-0191,BSNL
PH-0432,3585238600,P-0406,Jio
PH-0433,+910443619951,P-0629,Airtel
PH-0434,01523910292,P-0461,BSNL
PH-0435,9501437483,P-0399,Jio
PH-0436,+919309671397,P-0220,Airtel
PH-0437,+919126022132,P-0286,Jio
PH-0438,+917672019111,P-0592,Jio
PH-0439,06122019072,P-0550,Airtel
PH-0440,5873393049,P-0375,Vi
PH-0441,+916653802748,P-0202,BSNL
PH-0442,+912421140868,P-0117,Vi
PH-0443,+915095229462,P-0502,Vi
PH-0444,+919355610399,P-0612,BSNL
PH-0445,02970137124,P-0626,BSNL
PH-0446,+916585856423,P-0602,Jio
PH-0447,+914120270615,P-0357,Vi
PH-0448,2738740299,P-0469,Airtel
PH-0449,+917166906322,P-0305,Jio
PH-0450,08155420340,P-0138,Vi
PH-0451,+910109567975,P-0121,Airtel
PH-0452,04915795546,P-0313,Jio
PH-0453,+913471247601,P-0188,Vi
PH-0454,+918018103068,P-0145,BSNL
PH-0455,+911764172680,P-0429,Airtel
PH-0456,0815712901,P-0589,BSNL
PH-0457,00713806713,P-0125,Airtel
PH-0458,+917351045847,P-0499,Airtel
PH-0459,03621300962,P-0569,Airtel
PH-0460,08857669470,P-0502,Vi
PH-0461,+911805339627,P-0144,Airtel
PH-0462,06662159183,P-0323,BSNL
PH-0463,+917000466614,P-0487,Jio
PH-0464,09011079771,P-0368,Jio
PH-0465,00049388194,P-0497,Airtel
PH-0466,0531520499,P-0200,BSNL
PH-0467,0949769873,P-0576,BSNL
PH-0468,1379716698,P-0419,BSNL
PH-0469,4166123740,P-0426,BSNL
PH-0470,07943325623,P-0501,Airtel
PH-0471,8994991970,P-0085,Jio
PH-0472,+914262037087,P-0226,Vi
PH-0473,2116020418,P-0034,Vi
PH-0474,+913599898972,P-0231,Vi
PH-0475,+911708894801,P-0173,BSNL
PH-0476,6448221758,P-0580,BSNL
PH-0477,3978570820,P-0563,Jio
PH-0478,+914806757123,P-0587,Jio
PH-0479,09149611287,P-0275,Vi
PH-0480,9429688276,P-0556,Jio
PH-0481,7040953141,P-0452,Airtel
PH-0482,6156078327,P-0436,Jio
PH-0483,08835651796,P-0254,Vi
PH-0484,+914096496683,P-0034,BSNL
PH-0485,4960478421,P-0270,Vi
PH-0486,00285162259,P-0090,BSNL
PH-0487,+916488208934,P-0121,Airtel
PH-0488,6883906246,P-0215,Vi
PH-0489,02879916091,P-0625,BSNL
PH-0490,+914131935923,P-0170,Airtel
PH-0491,6133760523,P-0212,Airtel
PH-0492,+914588165025,P-0061,Vi
PH-0493,04724191650,P-0546,Vi
PH-0494,+914409661771,P-0612,Airtel
PH-0495,2498980880,P-0332,Vi
PH-0496,07821417468,P-0297,Vi
PH-0497,+913592664869,P-0527,Jio
PH-0498,8939698748,P-0139,BSNL
PH-0499,09415594501,P-0401,Vi
PH-0500,+919292075360,P-0130,Airtel
PH-0501,01171603988,P-0256,Airtel
PH-0502,03653621894,P-0330,Airtel
PH-0503,05906700099,P-0403,BSNL
PH-0504,02489420466,P-0146,Vi
PH-0505,4896676056,P-0643,BSNL
PH-0506,02045657758,P-0385,BSNL
PH-0507,+919745338906,P-0078,Jio
PH-0508,+913546622654,P-0413,Vi
PH-0509,+911659953006,P-0378,BSNL
PH-0510,+912122427677,P-0500,Vi
PH-0511,06259160112,P-0596,Jio
PH-0512,01158488600,P-0096,BSNL
PH-0513,0179867782,P-0367,Jio
PH-0514,+911299570472,P-0548,BSNL
PH-0515,6426121203,P-0224,BSNL
PH-0516,4375365968,P-0217,BSNL
PH-0517,+917852548242,P-0275,Vi
PH-0518,+918385454006,P-0291,Vi
PH-0519,04547523112,P-0561,Airtel
PH-0520,+912748979177,P-0580,BSNL
PH-0521,03342720388,P-0352,Jio
PH-0522,02175080196,P-0048,Jio
PH-0523,+910453069358,P-0642,BSNL
PH-0524,2493534001,P-0017,Jio
PH-0525,1677848165,P-0162,BSNL
PH-0526,+914445446083,P-0468,Jio
PH-0527,5179937810,P-0439,Airtel
PH-0528,5391287884,P-0136,Vi
PH-0529,6999698829,P-0163,Vi
PH-0530,+914579271472,P-0096,Vi
PH-0531,06301986424,P-0257,Jio
PH-0532,+913839728339,P-0381,Airtel
PH-0533,+912187062932,P-0054,BSNL
PH-0534,8098322101,P-0641,Vi
PH-0535,+912320018676,P-0240,BSNL
PH-0536,01008987610,P-0094,Jio
PH-0537,1435614038,P-0002,Airtel
PH-0538,05319807468,P-0489,Jio
PH-0539,2354695100,P-0136,Airtel
PH-0540,+910762054596,P-0532,BSNL
PH-0541,01500666641,P-0010,Jio
PH-0542,+910654113407,P-0352,Jio
PH-0543,5169949708,P-0433,Airtel
PH-0544,0583668348,P-0490,Jio
PH-0545,+916899962697,P-0235,BSNL
PH-0546,+918386888917,P-0092,Jio
PH-0547,7915059625,P-0106,Vi
PH-0548,01976093201,P-0401,Vi
PH-0549,+916578982604,P-0141,BSNL
PH-0550,+918095217558,P-0137,Airtel
PH-0551,01777412746,P-0071,Jio
PH-0552,2118824199,P-0625,Airtel
PH-0553,02642229758,P-0451,Vi
PH-0554,1704542185,P-0219,Airtel
PH-0555,4570568209,P-0422,BSNL
PH-0556,+912570900163,P-0223,Jio
PH-0557,5640723247,P-0103,Airtel
PH-0558,+918289540017,P-0127,BSNL
PH-0559,8224731261,P-0360,BSNL
PH-0560,08507105801,P-0323,Airtel
PH-0561,+919509271152,P-0254,Vi
PH-0562,01053709230,P-0087,Airtel
PH-0563,+917169500741,P-0567,Vi
PH-0564,9485432987,P-0028,Vi
PH-0565,09893652944,P-0211,Airtel
PH-0566,01619827348,P-0402,Vi
PH-0567,+913104502589,P-0056,Airtel
PH-0568,03217435748,P-0507,BSNL
PH-0569,+915268064860,P-0116,Airtel
PH-0570,6739834488,P-0512,Jio
PH-0571,+918425364628,P-0541,Jio
PH-0572,+915507740657,P-0370,Vi
PH-0573,5515623920,P-0136,BSNL
PH-0574,0855107409,P-0583,BSNL
PH-0575,+913111786190,P-0375,Airtel
PH-0576,+915476022069,P-0483,Jio
PH-0577,03541201227,P-0018,Jio
PH-0578,09500260151,P-0015,Vi
PH-0579,03259479507,P-0221,Jio
PH-0580,00717327980,P-0062,BSNL
PH-0581,09503100649,P-0519,Vi
PH-0582,+914039104520,P-0644,BSNL
PH-0583,+916089411849,P-0434,BSNL
PH-0584,+913599285535,P-0085,Airtel
PH-0585,9520561006,P-0285,Jio
PH-0586,09900696801,P-0318,Jio
PH-0587,6774037842,P-0524,Airtel
PH-0588,3394495300,P-0160,Vi
PH-0589,07762550325,P-0401,Jio
PH-0590,+911736542624,P-0503,BSNL
PH-0591,+917842902923,P-0245,Jio
PH-0592,+914511009060,P-0251,Jio
PH-0593,03088684302,P-0445,Jio
PH-0594,+911667329045,P-0465,Jio
PH-0595,05988759212,P-0317,Airtel
PH-0596,9642603362,P-0123,Jio
PH-0597,+912755821477,P-0141,Jio
PH-0598,+919207115238,P-0168,BSNL
PH-0599,+912362192158,P-0356,Vi
PH-0600,+918970591611,P-0171,Vi
PH-0601,6385588195,P-0130,Vi
PH-0602,7721688005,P-0121,Jio
PH-0603,+917893186928,P-0344,BSNL
PH-0604,7284540182,P-0279,Jio
PH-0605,+917200283948,P-0270,Jio
PH-0606,+913220414474,P-0509,BSNL
PH-0607,3281165993,P-0524,Vi
PH-0608,0202030423,P-0057,BSNL
PH-0609,+912775213530,P-0581,Airtel
PH-0610,+918165064630,P-0377,Airtel
PH-0611,0593777569,P-0262,Jio
PH-0612,+919832102916,P-0588,Jio
PH-0613,1746902983,P-0234,Jio
PH-0614,+910438419662,P-0046,Jio
PH-0615,+919131670805,P-0251,Jio
PH-0616,08566706362,P-0484,Vi
PH-0617,+919865504944,P-0393,Airtel
PH-0618,00766349339,P-0184,Jio
PH-0619,05049627322,P-0318,BSNL
PH-0620,02611424362,P-0457,Vi
PH-0621,5854218808,P-0255,BSNL
PH-0622,7991962341,P-0328,Vi
PH-0623,9964338532,P-0080,Vi
PH-0624,4725058333,P-0123,Jio
PH-0625,03031158760,P-0184,Airtel
PH-0626,04576947576,P-0529,Jio
PH-0627,4535365974,P-0411,Jio
PH-0628,06986163421,P-0477,Vi
PH-0629,+915450809594,P-0319,Vi
PH-0630,1526925596,P-0246,BSNL
PH-0631,04721307423,P-0009,Vi
PH-0632,09142614048,P-0206,Vi
PH-0633,3326145430,P-0578,Vi
PH-0634,09637310081,P-0638,Airtel
PH-0635,08522115871,P-0476,Vi
PH-0636,4523542687,P-0606,BSNL
PH-0637,04701732086,P-0201,Airtel
PH-0638,02377729665,P-0155,Jio
PH-0639,03370140052,P-0420,Jio
PH-0640,08105580002,P-0239,Vi
PH-0641,02214257316,P-0010,Vi
PH-0642,+919439136817,P-0002,BSNL
PH-0643,+910313695528,P-0315,Jio
PH-0644,02092973525,P-0211,Airtel
PH-0645,5332227393,P-0430,BSNL
PH-0646,9920457353,P-0062,Airtel
PH-0647,+913661850761,P-0287,Jio
PH-0648,+918708269718,P-0045,Airtel
PH-0649,+913601071261,P-0533,BSNL
PH-0650,08388217648,P-0382,BSNL
PH-0651,06735742233,P-0087,Jio
PH-0652,2228019442,P-0518,Airtel
PH-0653,08922256062,P-0404,Jio
PH-0654,5350637311,P-0607,Jio
PH-0655,0467413075,P-0446,Airtel
PH-0656,+918418520136,P-0243,Vi
PH-0657,+916084639756,P-0551,Vi
PH-0658,+915470554912,P-0403,Vi
PH-0659,1516411955,P-0326,BSNL
PH-0660,04091969395,P-0279,Airtel
PH-0661,08752070204,P-0077,Airtel
PH-0662,+916201971212,P-0140,Jio
PH-0663,01393696789,P-0160,Jio
PH-0664,7609873126,P-0169,BSNL
PH-0665,07319227607,P-0478,Vi
PH-0666,09889786533,P-0417,Jio
PH-0667,9431916543,P-0208,Vi
PH-0668,+918952312021,P-0213,BSNL
PH-0669,1505764497,P-0316,BSNL
PH-0670,07000268764,P-0272,Jio
PH-0671,08676497974,P-0093,Airtel
PH-0672,+916365604500,P-0312,Jio
PH-0673,03553730964,P-0221,Vi
PH-0674,6927711952,P-0152,Jio
PH-0675,6353059702,P-0255,Vi
PH-0676,05128276364,P-0291,Jio
PH-0677,+911594898959,P-0307,Vi
PH-0678,05466345443,P-0179,Jio
PH-0679,04149169993,P-0415,BSNL
PH-0680,3449743946,P-0570,Airtel
PH-0681,00882230958,P-0097,BSNL
PH-0682,02973988941,P-0105,Airtel
PH-0683,+912109720217,P-0644,Jio
PH-0684,+917548534655,P-0064,Airtel
PH-0685,09220300449,P-0134,Airtel
PH-0686,04612939002,P-0411,Vi
PH-0687,5121375658,P-0646,Jio
PH-0688,9635957086,P-0597,Vi
PH-0689,+919931458434,P-0077,Jio
PH-0690,5663113885,P-0067,Airtel
PH-0691,+913423622033,P-0443,Airtel
PH-0692,07424631043,P-0095,Vi
PH-0693,7968680085,P-0126,Jio
PH-0694,2946902177,P-0473,Jio
PH-0695,01743043502,P-0173,BSNL
PH-0696,+918502289466,P-0405,BSNL
PH-0697,02752332829,P-0031,BSNL
PH-0698,+910202569133,P-0437,Airtel
PH-0699,+913033467711,P-0363,Airtel
PH-0700,6750762799,P-0192,Vi
PH-0701,05302453012,P-0287,BSNL
PH-0702,+919847230342,P-0153,Jio
PH-0703,+912847190172,P-0629,Airtel
PH-0704,+912405076487,P-0303,BSNL
PH-0705,1775461992,P-0422,BSNL
PH-0706,00658387272,P-0063,Jio
PH-0707,08122590956,P-0287,BSNL
PH-0708,08448237337,P-0141,BSNL
PH-0709,1212110187,P-0205,Airtel
PH-0710,0358690170,P-0646,Jio
PH-0711,04039251999,P-0392,Vi
PH-0712,05295171222,P-0492,BSNL
PH-0713,06433872205,P-0353,Vi
PH-0714,02216265496,P-0398,Vi
PH-0715,+913083344470,P-0185,Jio
PH-0716,08878995047,P-0327,Airtel
PH-0717,+912059685195,P-0031,Vi
PH-0718,+917749266329,P-0060,BSNL
PH-0719,5634277752,P-0543,Vi
PH-0720,+915920616581,P-0599,Airtel
PH-0721,+919205922941,P-0164,Jio
PH-0722,+915630295596,P-0254,Airtel
PH-0723,+916372629420,P-0273,Jio
PH-0724,06154980851,P-0225,BSNL
PH-0725,+913138004983,P-0364,Airtel
PH-0726,2112212154,P-0181,Airtel
PH-0727,1582686876,P-0607,Vi
PH-0728,00191854880,P-0368,Jio
PH-0729,04420062987,P-0361,Airtel
PH-0730,08735856646,P-0577,Airtel
PH-0731,4196234219,P-0505,Vi
PH-0732,+916221320410,P-0180,BSNL
PH-0733,02948314789,P-0039,Jio
PH-0734,1179726999,P-0602,Airtel
PH-0735,4981283180,P-0617,Airtel
PH-0736,+913666020005,P-0021,BSNL
PH-0737,+912853863105,P-0001,Vi
PH-0738,0524383805,P-0629,Airtel
PH-0739,2692990076,P-0134,Vi
PH-0740,6276332838,P-0182,Vi
PH-0741,6337618518,P-0061,Jio
PH-0742,02671368410,P-0152,Airtel
PH-0743,+913282339218,P-0114,Vi
PH-0744,3527918750,P-0075,Vi
PH-0745,07761065920,P-0406,Jio
PH-0746,8814319279,P-0345,Vi
PH-0747,06178159698,P-0331,Airtel
PH-0748,3845720266,P-0162,BSNL
PH-0749,06862959125,P-0499,Vi
PH-0750,03498992553,P-0179,Vi
PH-0751,4607429907,P-0229,Airtel
PH-0752,07296694179,P-0388,Vi
PH-0753,6708089747,P-0302,Airtel
PH-0754,08599464183,P-0182,Jio
PH-0755,8416734785,P-0587,BSNL
PH-0756,+916988164980,P-0582,Jio
PH-0757,04509286052,P-0187,Vi
PH-0758,+910262706648,P-0627,Airtel
PH-0759,0082484581,P-0580,Jio
PH-0760,+910889830574,P-0509,Airtel
PH-0761,8839974185,P-0340,Jio
PH-0762,03027500030,P-0244,Vi
PH-0763,5661995305,P-0328,Airtel
PH-0764,04184937846,P-0091,Vi
PH-0765,09087018726,P-0458,Jio
PH-0766,0013651034,P-0272,Airtel
PH-0767,04429906745,P-0256,Jio
PH-0768,08652406221,P-0359,Vi
PH-0769,05996725622,P-0111,Jio
PH-0770,+911905334704,P-0050,BSNL
PH-0771,04764845593,P-0449,BSNL
PH-0772,6521383507,P-0171,BSNL
PH-0773,+912455312900,P-0505,BSNL
PH-0774,3622117327,P-0360,BSNL
PH-0775,02648839585,P-0104,BSNL
PH-0776,5852294252,P-0592,Airtel
PH-0777,5161857591,P-0167,BSNL
PH-0778,01050805491,P-0076,Jio
PH-0779,07744735352,P-0302,Jio
PH-0780,07841715949,P-0327,Vi
PH-0781,03449305378,P-0108,Jio
PH-0782,0331836113,P-0351,Airtel
PH-0783,+918926087882,P-0385,Airtel
PH-0784,1527873048,P-0077,Jio
PH-0785,02515217465,P-0347,BSNL
PH-0786,3537801891,P-0032,BSNL
PH-0787,06734467177,P-0169,BSNL
PH-0788,6296914336,P-0161,Jio
PH-0789,+919994664509,P-0104,Vi
PH-0790,9900108985,P-0211,Airtel
PH-0791,03908352118,P-0420,Vi
PH-0792,6844246488,P-0289,Vi
PH-0793,09979572857,P-0244,Jio
PH-0794,09582819022,P-0051,BSNL
PH-0795,+917978912488,P-0586,BSNL
PH-0796,+919717059844,P-0158,Jio
PH-0797,01436728681,P-0370,Jio
PH-0798,+912303885681,P-0438,Jio
PH-0799,+919397814590,P-0302,BSNL
PH-0800,+919921779055,P-0205,Jio
PH-0801,+918669335158,P-0027,Airtel
PH-0802,0705326011,P-0175,Vi
PH-0803,3910382974,P-0084,BSNL
PH-0804,+915513609085,P-0119,Vi
PH-0805,1810450243,P-0408,BSNL
PH-0806,7361587366,P-0501,Vi
PH-0807,+917135896933,P-0094,BSNL
PH-0808,03900585615,P-0190,Vi
PH-0809,4731566397,P-0391,Vi
PH-0810,2551164369,P-0192,BSNL
PH-0811,+912837727028,P-0046,Vi
PH-0812,6660534281,P-0451,BSNL
PH-0813,04416101975,P-0270,Airtel
PH-0814,3584640510,P-0276,Jio
PH-0815,+918802730427,P-0155,Jio
PH-0816,03628144471,P-0088,Vi
PH-0817,9395309690,P-0555,BSNL
PH-0818,07649092288,P-0604,Airtel
PH-0819,09874551358,P-0567,Jio
PH-0820,7271743068,P-0397,BSNL
PH-0821,1164034398,P-0549,BSNL
PH-0822,1873877583,P-0295,Airtel
PH-0823,3364770413,P-0488,Vi
PH-0824,0909153860,P-0081,BSNL
PH-0825,+918262542041,P-0036,Airtel
PH-0826,2319057720,P-0176,BSNL
PH-0827,04100794193,P-0178,Airtel
PH-0828,+914538109794,P-0217,Airtel
PH-0829,+912248709872,P-0130,Jio
PH-0830,6496322517,P-0434,Jio
PH-0831,02240432611,P-0446,Airtel
PH-0832,9003468616,P-0643,Airtel
PH-0833,+910702867202,P-0610,Vi
PH-0834,+910953662195,P-0328,Jio
PH-0835,+916890057795,P-0090,BSNL
PH-0836,+910173259007,P-0570,BSNL
PH-0837,+919713072211,P-0566,Vi
PH-0838,+918690871672,P-0283,BSNL
PH-0839,+911045461719,P-0013,BSNL
PH-0840,+918170744360,P-0116,BSNL
PH-0841,+913442252160,P-0154,Airtel
PH-0842,+915239412094,P-0581,Jio
PH-0843,07726903265,P-0109,Jio
PH-0844,01327617948,P-0305,Vi
PH-0845,+912455985160,P-0421,Vi
PH-0846,+911191589126,P-0393,BSNL
PH-0847,6498647868,P-0586,BSNL
PH-0848,6237600884,P-0039,Airtel
PH-0849,07408378191,P-0283,BSNL
PH-0850,0749921640,P-0148,BSNL
PH-0851,+916983692353,P-0040,BSNL
PH-0852,08486470821,P-0340,Airtel
PH-0853,+919865462202,P-0051,BSNL
PH-0854,+912372055033,P-0276,Vi
PH-0855,+910008863467,P-0021,Vi
PH-0856,+919190088991,P-0311,Vi
PH-0857,+914160091692,P-0288,BSNL
PH-0858,+912737989790,P-0101,Airtel
PH-0859,00854818674,P-0138,Vi
PH-0860,03000998433,P-0454,Vi
PH-0861,01137118151,P-0276,BSNL
PH-0862,9854582942,P-0620,Jio
PH-0863,+913401535346,P-0193,BSNL
PH-0864,00756999449,P-0217,BSNL
PH-0865,4667201082,P-0497,Vi
PH-0866,00281822387,P-0058,Airtel
PH-0867,4026208581,P-0068,Vi
PH-0868,04527353642,P-0519,BSNL
PH-0869,+915700412918,P-0139,Jio
PH-0870,+918518161255,P-0178,Airtel
PH-0871,0461007923,P-0206,Jio
PH-0872,+914660012838,P-0256,Jio
PH-0873,+917101232961,P-0468,Jio
PH-0874,01204850766,P-0370,Airtel
PH-0875,03446042276,P-0281,Vi
PH-0876,+914601915305,P-0476,BSNL
PH-0877,03472435861,P-0127,Jio
PH-0878,06822512726,P-0248,Vi
PH-0879,00866656224,P-0501,BSNL
PH-0880,+919768784947,P-0182,BSNL
PH-0881,01290350061,P-0601,Vi
PH-0882,4897422354,P-0353,Airtel
PH-0883,+914046682121,P-0265,Jio
PH-0884,06495254920,P-0292,Jio
PH-0885,04411197388,P-0396,Jio
PH-0886,+918273063435,P-0167,Airtel
PH-0887,9488218849,P-0227,Airtel
PH-0888,08066405110,P-0212,Vi
PH-0889,+911254341230,P-0420,Jio
PH-0890,+916049860372,P-0010,BSNL
PH-0891,+918600320319,P-0136,Airtel
PH-0892,08999011400,P-0616,Jio
PH-0893,+914713171978,P-0230,Vi
PH-0894,00162590841,P-0623,Vi
PH-0895,4785501137,P-0282,BSNL
PH-0896,03582107288,P-0386,Vi
PH-0897,7807279037,P-0471,Vi
PH-0898,+916160881972,P-0224,BSNL
PH-0899,+913996477183,P-0310,BSNL
PH-0900,05307681024,P-0599,Jio
PH-0901,0855780024,P-0008,Vi
PH-0902,4323622169,P-0575,Vi
PH-0903,+916968574670,P-0306,Jio
PH-0904,07516913952,P-0494,Jio
PH-0905,+915016426107,P-0345,Vi
PH-0906,+913350842431,P-0333,Vi
PH-0907,8392484813,P-0268,Vi
PH-0908,+910416910530,P-0193,Airtel
PH-0909,+911516758646,P-0530,Airtel
PH-0910,3395348110,P-0059,BSNL
PH-0911,00147642789,P-0328,Airtel
PH-0912,01573855128,P-0027,BSNL
PH-0913,+917751239597,P-0303,Vi
PH-0914,1554260972,P-0429,BSNL
PH-0915,+916024465467,P-0398,Jio
PH-0916,02051710730,P-0598,Airtel
PH-0917,7156478370,P-0352,Airtel
PH-0918,+911754380274,P-0548,BSNL
PH-0919,+914857260292,P-0368,Vi
PH-0920,04686272884,P-0175,Airtel
PH-0921,+917664207632,P-0301,Jio
PH-0922,01353867625,P-0483,Airtel
PH-0923,2386879060,P-0265,Airtel
PH-0924,08869320553,P-0344,Jio
PH-0925,00508927396,P-0228,Vi
PH-0926,1597640535,P-0229,Vi
PH-0927,07078977554,P-0431,Vi
PH-0928,+916190384227,P-0381,Vi
PH-0929,+916273202227,P-0600,Vi
PH-0930,+911175769171,P-0475,Jio
PH-0931,02042985144,P-0482,Jio
PH-0932,6983052169,P-0650,Jio
PH-0933,+913922026980,P-0253,Airtel
PH-0934,+914264710680,P-0513,Jio
PH-0935,+917703163705,P-0391,Vi
PH-0936,0049332672,P-0339,Jio
PH-0937,04693172947,P-0155,Airtel
PH-0938,03808390654,P-0206,Vi
PH-0939,+912599851939,P-0420,BSNL
PH-0940,+912727281291,P-0147,Vi
PH-0941,03504960266,P-0185,Jio
PH-0942,06527284539,P-0500,Vi
PH-0943,04995070886,P-0647,Airtel
PH-0944,00675602080,P-0321,Jio
PH-0945,1929022154,P-0005,BSNL
PH-0946,+919044890932,P-0281,Airtel
PH-0947,+915333202351,P-0173,Airtel
PH-0948,+912555019354,P-0502,Jio
PH-0949,00369888439,P-0133,BSNL
PH-0950,+913324362962,P-0649,BSNL
