person_id,name,age,gender,address,occupation,criminal_history_flag,risk_score
P-0001,Advik Maharaj,19,Male,"181, Sami, Ludhiana-338908",Travel Agent,1,0.132
P-0002,Shaurya Kannan,55,Male,"H.No. 265, Dugal Road, Naihati-161559",Trader,1,0.086
P-0003,Anya Sharaf,32,Female,"H.No. 849, Handa Path, Ranchi 413164",Government Employee,0,0.531
P-0004,Rajata Gaba,24,Female,"419, Walla Street, Ujjain 648350",Software Engineer,0,0.287
P-0005,Anamika Mutti,52,Female,"H.No. 395, Tata Ganj, Berhampore-423884",Software Engineer,0,0.151
P-0006,Sudiksha Pathak,54,Female,"71/01, Dutta Street, Kavali-669784",Bank Clerk,0,0.086
P-0007,Dakshesh Yadav,24,Male,"H.No. 462, Aggarwal Chowk, Orai 814893",Trader,1,0.397
P-0008,Ridhi Edwin,62,Female,"01, Mohanty Path, Howrah 911718",Businessman,0,0.08
P-0009,Eesha Soman,42,Female,"96/38, Muni Ganj, Dindigul-871331",Unemployed,0,0.301
P-0010,Advaith Karpe,32,Male,"H.No. 031, Narayanan Nagar, Kottayam-473829",Contractor,1,0.284
P-0011,Keya Solanki,31,Female,"H.No. 165, Roy Marg, Meerut-065133",Chartered Accountant,0,0.09
P-0012,Vanya Dey,55,Female,"H.No. 73, Savant Zila, Dhanbad-132677",Trader,0,0.406
P-0013,Sai Bhargava,42,Male,"H.No. 647, Sampath Road, Bhatpara-430980",Trader,0,0.257
P-0014,Ayush Bedi,61,Male,"H.No. 812, Bir Zila, Sambhal-939909",Businessman,0,0.308
P-0015,Ubika Virk,18,Female,"534, Deep Marg, Berhampore 107991",Travel Agent,0,0.269
P-0016,Jalsa Toor,58,Female,"H.No. 13, Mane Path, Bahraich 980841",Farmer,0,0.124
P-0017,Kevin D’Alia,56,Male,"H.No. 49, Oza Ganj, Bilaspur 401640",Real Estate Agent,0,0.151
P-0018,Ojas De,23,Male,"78/680, Borra Zila, Bongaigaon 598262",Travel Agent,0,0.057
P-0019,Nikita Patla,53,Female,"315, Ray Circle, Patiala 260256",Auto Driver,1,0.119
P-0020,Lila Dutta,43,Female,"H.No. 733, Palla Chowk, Ambattur 036541",Chartered Accountant,0,0.402
P-0021,Pushti Upadhyay,19,Female,"H.No. 142, Lanka, Moradabad-556981",Student,0,0.268
P-0022,Girish Kumar,64,Male,"H.No. 883, Sankar Path, Bathinda 148465",Businessman,0,0.331
P-0023,Manbir Datta,24,Male,"62/994, Acharya Marg, Baranagar-699577",Chartered Accountant,0,0.194
P-0024,Hredhaan Vaidya,21,Male,"14/895, Keer Zila, Kamarhati-200379",Trader,0,0.242
P-0025,Vasatika Sachdeva,33,Female,"63, Ahluwalia Street, Khandwa-287083",Contractor,0,0.247
P-0026,Vedant Deol,23,Male,"98, Sehgal Marg, Fatehpur-434873",Businessman,0,0.172
P-0027,Thomas Brahmbhatt,28,Male,"H.No. 55, Buch Circle, Saharanpur 623166",Trader,1,0.167
P-0028,Vidhi Sagar,27,Female,"69, Rai Nagar, Chennai 466889",Bank Clerk,1,0.529
P-0029,Yagnesh Kanda,21,Male,"06, Ravel Path, Bhind 980699",Farmer,1,0.118
P-0030,Benjamin Sangha,54,Male,"046, Kakar Path, Khammam-646417",Bank Clerk,0,0.43
P-0031,Ati Palla,33,Female,"00/330, Dua, Cuttack-193745",Unemployed,0,0.439
P-0032,Dakshesh Gade,18,Male,"04/96, Issac Marg, Guntakal 149190",Government Employee,0,0.306
P-0033,Tanish Prabhakar,40,Male,"H.No. 671, Pathak Marg, Jamnagar 284987",Businessman,1,0.185
P-0034,Urmi Loyal,57,Female,"H.No. 473, Raghavan Chowk, Bhopal 527354",Mobile Shop Owner,0,0.031
P-0035,Logan Majumdar,34,Male,"H.No. 367, Khosla Circle, Pallavaram 014363",Software Engineer,0,0.224
P-0036,Raksha Solanki,50,Female,"85/574, Krishnamurthy Road, Jamshedpur 518233",Government Employee,1,0.605
P-0037,Lakshit Vohra,58,Male,"435, Mittal Street, Deoghar 400842",Unemployed,1,0.244
P-0038,Charan Arora,52,Male,"75, Behl Street, Morena 167190",Shopkeeper,0,0.479
P-0039,Falan Modi,40,Male,"H.No. 869, Kara, Hospet 496499",Bank Clerk,0,0.355
P-0040,Chandran Johal,33,Male,"12/328, Dugar Zila, Alappuzha-974034",Contractor,1,0.124
P-0041,Vasana Bobal,60,Female,"93/618, Dixit Ganj, Ajmer-024994",Contractor,0,0.137
P-0042,David Sidhu,48,Male,"H.No. 88, Sarma Chowk, Khora  659401",Bank Clerk,1,0.593
P-0043,Aishani Luthra,39,Female,"87, Golla Road, Pallavaram 756551",Unemployed,0,0.53
P-0044,Omya Sabharwal,45,Female,"68/071, Krishnan Path, Bhiwandi-808760",Student,0,0.167
P-0045,Yochana Pathak,18,Female,"H.No. 348, Mani Street, Shivpuri-093248",Farmer,0,0.235
P-0046,Tanvi Chander,45,Female,"12, Manne Chowk, Vijayanagaram-737826",Software Engineer,0,0.32
P-0047,Yashoda Deshpande,53,Female,"58, Agate Road, Bihar Sharif 278755",Auto Driver,1,0.292
P-0048,Vasatika Nagy,43,Female,"63/60, Solanki Path, Kharagpur-702895",Farmer,0,0.138
P-0049,Urvi Chaudhry,47,Female,"26/217, Nigam Road, Jodhpur-865780",Government Employee,0,0.083
P-0050,Jacob Mani,60,Male,"11, Ganesan Chowk, Bhopal-504556",Software Engineer,1,0.558
P-0051,Jason Wali,61,Male,"219, Khosla Marg, Ballia-374740",Unemployed,1,0.19
P-0052,Maanas Dugar,63,Male,"H.No. 94, Krishna Marg, Barasat 671369",Travel Agent,0,0.196
P-0053,Manbir Merchant,45,Male,"H.No. 09, Taneja Nagar, Berhampur 339421",Bank Clerk,1,0.04
P-0054,Nilima Sastry,60,Female,"21/456, Iyer Street, Panvel 884247",Farmer,0,0.199
P-0055,Pallavi Contractor,53,Female,"368, Chana Path, Kanpur-817549",Government Employee,0,0.512
P-0056,Ria Chokshi,51,Female,"H.No. 985, Kant, Madhyamgram-612004",Government Employee,0,0.237
P-0057,Devika Chatterjee,52,Female,"75, Saini Circle, Vijayanagaram-796405",Software Engineer,1,0.13
P-0058,Vamakshi Saxena,39,Female,"H.No. 585, Rao Nagar, Jhansi-713900",Farmer,0,0.088
P-0059,Jairaj Dass,54,Male,"39/33, Divan Path, Bally-284210",Trader,0,0.152
P-0060,Abhimanyu Parmar,49,Male,"H.No. 240, Sama Street, Rajkot-758917",Bank Clerk,1,0.234
P-0061,Anthony Verma,47,Male,"00/766, Swaminathan Zila, Srinagar 592124",Businessman,1,0.507
P-0062,Rayaan Wali,47,Male,"96/11, Kale Circle, Bidhannagar 657661",Auto Driver,1,0.277
P-0063,Unni Munshi,35,Female,"711, Chander Zila, Jalandhar 280988",Mobile Shop Owner,0,0.257
P-0064,Darsh Roy,40,Male,"04/945, Tripathi Zila, Bhatpara 315851",Bank Clerk,0,0.365
P-0065,Isaiah Sanghvi,19,Male,"H.No. 244, Panchal Path, Bokaro 961201",Student,1,0.107
P-0066,Riya Saini,41,Female,"545, Chad, Bhatpara-901476",Auto Driver,0,0.182
P-0067,Timothy Sachdeva,24,Male,"15/61, Sur Road, Ranchi 690034",Travel Agent,0,0.679
P-0068,Ekapad Kumer,40,Male,"H.No. 076, Dayal Street, Katihar 885160",Farmer,0,0.268
P-0069,Adya Sharaf,24,Female,"69/66, Contractor Road, Jaipur 297516",Trader,0,0.291
P-0070,Keya Sarin,57,Female,"45, Nath Ganj, Solapur-883552",Mobile Shop Owner,0,0.327
P-0071,Dalaja Dhingra,33,Female,"921, Tak Street, Phusro 995527",Contractor,0,0.138
P-0072,Vrinda Sathe,39,Female,"05/81, Shenoy Road, Agra 541199",Shopkeeper,0,0.243
P-0073,Vedhika Barman,56,Female,"H.No. 97, Dora Circle, Hospet-518203",Travel Agent,0,0.424
P-0074,Urvashi Viswanathan,49,Female,"H.No. 46, Nigam Marg, Thanjavur-518644",Farmer,0,0.392
P-0075,Ojas Bumb,36,Male,"H.No. 62, Chad, Karaikudi-528168",Bank Clerk,0,0.199
P-0076,Adya Patil,45,Female,"573, Devan Ganj, Solapur 188805",Travel Agent,0,0.27
P-0077,Raghav Dube,38,Male,"92/706, Khanna Path, Phagwara-738347",Software Engineer,0,0.194
P-0078,Raksha Sastry,24,Female,"88, Edwin Marg, Mahbubnagar-407581",Contractor,1,0.448
P-0079,Meghana Chacko,20,Female,"82, Chand Marg, Hospet-060685",Shopkeeper,0,0.257
P-0080,Reyansh Bumb,54,Male,"H.No. 515, Devan Street, Baranagar 277901",Unemployed,0,0.479
P-0081,Lavanya Kale,25,Female,"H.No. 434, Batta Zila, Gurgaon-117980",Contractor,1,0.232
P-0082,Eshana Manne,23,Female,"53/96, Chada Street, Jabalpur-670654",Bank Clerk,1,0.336
P-0083,Rachana Bir,46,Female,"19/520, Nigam Path, Madhyamgram 221704",Businessman,0,0.6
P-0084,Anthony Iyengar,31,Male,"H.No. 86, Solanki Circle, Vadodara 450541",Chartered Accountant,1,0.497
P-0085,Tejas Ratta,44,Male,"H.No. 27, Pillai Chowk, Gwalior-169284",Government Employee,0,0.335
P-0086,Dalaja Buch,22,Female,"H.No. 79, Ganesan Marg, Etawah 059640",Chartered Accountant,1,0.164
P-0087,Samaksh Patla,45,Male,"970, Bhavsar Street, Ambarnath-690927",Software Engineer,0,0.493
P-0088,Ria Sawhney,46,Female,"56/54, Comar Ganj, Gaya 868144",Software Engineer,0,0.256
P-0089,Jalsa Mangal,23,Female,"H.No. 217, Saxena Street, Imphal-188442",Student,1,0.33
P-0090,Pratyush Trivedi,61,Male,"237, Patel Nagar, Bhind-911467",Contractor,1,0.062
P-0091,Tara Borah,29,Female,"17/785, Gopal Street, Bhiwani-182422",Student,0,0.494
P-0092,Jeevika Pal,60,Female,"H.No. 38, Dass Road, Srikakulam 829922",Software Engineer,0,0.264
P-0093,Ansh Balakrishnan,47,Male,"94/396, Balasubramanian, Bongaigaon 473647",Software Engineer,1,0.229
P-0094,Ayushman Dugar,60,Male,"73, Dhawan Path, Imphal-625881",Contractor,0,0.283
P-0095,Kavya Shukla,21,Female,"32, Bedi Zila, Yamunanagar 325953",Bank Clerk,1,0.064
P-0096,Zaid Varma,58,Male,"H.No. 70, Ramaswamy Zila, New Delhi-950047",Student,0,0.736
P-0097,Luke Yadav,25,Male,"24, Rau Path, Ranchi 098358",Government Employee,0,0.298
P-0098,Bina Raju,48,Female,"91/21, Prakash Marg, Proddatur-239868",Bank Clerk,0,0.111
P-0099,Arin Barad,22,Male,"87, Varma Street, Khammam-269495",Unemployed,0,0.007
P-0100,Netra Soman,27,Female,"H.No. 16, Morar, Kavali 499309",Government Employee,0,0.207
P-0101,Harinakshi Viswanathan,30,Female,"30/913, Sastry Nagar, Gurgaon-636897",Travel Agent,1,0.255
P-0102,Ekantika Venkataraman,63,Female,"78/652, Walia Chowk, Bongaigaon-497334",Businessman,0,0.156
P-0103,Jeevika Mishra,20,Female,"75/758, Mani Road, Chapra 652404",Auto Driver,0,0.206
P-0104,Prisha Sathe,18,Female,"384, Magar Circle, Moradabad 308330",Travel Agent,1,0.736
P-0105,Triveni Narayanan,39,Female,"20/826, Sood Chowk, Tumkur-401938",Student,0,0.242
P-0106,Harita Sahni,38,Female,"72, Barad Road, Bihar Sharif-547887",Chartered Accountant,0,0.394
P-0107,Zayyan Sidhu,65,Male,"H.No. 527, Grewal Road, Naihati 932966",Software Engineer,0,0.055
P-0108,Chameli Rattan,19,Female,"753, Lal Nagar, Noida 454990",Shopkeeper,1,0.079
P-0109,Radha Keer,54,Female,"42, Thakkar Marg, Kochi 593327",Chartered Accountant,0,0.078
P-0110,Utkarsh Prakash,49,Male,"33/91, Sekhon Circle, Solapur-088398",Businessman,0,0.175
P-0111,Gayathri Narang,36,Female,"39/718, Bhakta Chowk, Mira-Bhayandar-790874",Chartered Accountant,0,0.09
P-0112,Siya Kumar,48,Female,"10/65, Bhasin Zila, Chittoor 462265",Software Engineer,1,0.395
P-0113,Udarsh Purohit,56,Male,"82/512, Ramaswamy Circle, Rajahmundry-047868",Travel Agent,0,0.521
P-0114,Jyoti Kota,61,Female,"431, Saini Nagar, New Delhi-119079",Mobile Shop Owner,0,0.33
P-0115,Jason Basu,37,Male,"830, Thakur Street, Muzaffarpur-995342",Mobile Shop Owner,0,0.51
P-0116,Triveni Mital,29,Female,"92/68, Batta Chowk, Eluru 662462",Bank Clerk,1,0.296
P-0117,Jai Kar,34,Male,"08, Saha Marg, Munger 435175",Businessman,0,0.211
P-0118,Girish Behl,47,Male,"99/013, Kalla, Dhule 403317",Software Engineer,1,0.456
P-0119,Harsh Ranganathan,34,Male,"H.No. 67, Parmer Circle, Bhilwara-877175",Farmer,1,0.293
P-0120,Reva Munshi,24,Female,"32/04, Sahni Circle, Jamnagar-536937",Chartered Accountant,1,0.043
P-0121,Kabir Suresh,59,Male,"522, Suresh Circle, Hosur-801006",Software Engineer,0,0.231
P-0122,Jack Bir,20,Male,"875, Subramanian Nagar, Pune-886008",Unemployed,0,0.105
P-0123,Mekhala Badal,60,Female,"H.No. 182, Handa Ganj, Raichur-615679",Travel Agent,0,0.241
P-0124,Isaiah Mital,49,Male,"H.No. 666, Soni Circle, Bangalore 176591",Student,0,0.099
P-0125,Ishwar Kakar,61,Male,"H.No. 148, Bali, Satna-392614",Real Estate Agent,0,0.378
P-0126,Kavya Ramachandran,23,Female,"21/850, Sarkar Zila, Aurangabad 999650",Chartered Accountant,1,0.597
P-0127,Umang Swaminathan,54,Male,"66/29, Chada Marg, Shahjahanpur-142626",Bank Clerk,1,0.194
P-0128,Pranit Chhabra,35,Male,"H.No. 75, Chaudry Road, Chandigarh 678886",Contractor,0,0.202
P-0129,Amara Chakraborty,21,Female,"95/60, Sachdev Road, Guwahati 982622",Auto Driver,0,0.305
P-0130,Matthew Loyal,46,Male,"H.No. 264, Mistry Marg, Solapur-437993",Farmer,1,0.196
P-0131,Damyanti Deshmukh,47,Female,"59, Narayan Marg, Thanjavur 924593",Chartered Accountant,0,0.086
P-0132,Nirja Goel,63,Female,"H.No. 79, Nanda Ganj, Parbhani-519398",Businessman,0,0.11
P-0133,Amara Shenoy,42,Female,"H.No. 16, Dewan Chowk, New Delhi-266179",Student,0,0.428
P-0134,Sai Warrior,45,Male,"H.No. 89, Chopra Zila, Raichur-909656",Government Employee,0,0.273
P-0135,Aashi Chaudhari,45,Female,"88/99, Sehgal Ganj, Katni 982507",Real Estate Agent,0,0.385
P-0136,Manbir Sagar,53,Male,"25/457, Verma Ganj, Karnal 177514",Shopkeeper,0,0.471
P-0137,Deepa Bajaj,64,Female,"23/828, Narayanan Street, Surendranagar Dudhrej 622660",Shopkeeper,0,0.313
P-0138,Varenya Sanghvi,32,Female,"33/419, Yadav Zila, Ambarnath-371478",Contractor,1,0.327
P-0139,Rishi Ramanathan,56,Male,"H.No. 79, Mishra Street, Guntur 134125",Businessman,0,0.273
P-0140,Yashodhara Rama,22,Female,"66/27, Ghose Circle, Unnao-225790",Auto Driver,0,0.313
P-0141,Aarna Sundaram,64,Female,"88, Rege Chowk, Vijayanagaram-721903",Real Estate Agent,0,0.551
P-0142,Amol Maharaj,61,Male,"797, Vaidya Circle, Chapra-485807",Software Engineer,1,0.389
P-0143,Simon Chaudry,40,Male,"H.No. 745, Sarna Zila, Patiala-959629",Trader,1,0.372
P-0144,Harshil Jhaveri,43,Male,"49/82, Master Path, Chapra 812604",Student,1,0.109
P-0145,Ekaja Krish,38,Female,"672, Luthra, Gandhinagar-116845",Software Engineer,1,0.232
P-0146,Widisha Narang,22,Female,"75/186, Sanghvi Ganj, Shimla 545892",Trader,0,0.262
P-0147,Onveer Bava,43,Male,"70/127, Acharya Chowk, Panihati 424154",Shopkeeper,0,0.145
P-0148,Ria Gandhi,23,Female,"43/611, Kala Nagar, Solapur 938700",Trader,0,0.168
P-0149,Dipta Sami,65,Female,"H.No. 361, Chauhan Zila, Arrah-262218",Real Estate Agent,1,0.469
P-0150,Gayathri Sarraf,64,Female,"26/973, Chaudhry Zila, Amravati 565234",Contractor,0,0.172
P-0151,Jeet Mane,59,Male,"898, Ramanathan Ganj, Meerut 761379",Software Engineer,1,0.358
P-0152,Zarna Arora,61,Female,"696, Gera Path, Srinagar 910430",Businessman,0,0.418
P-0153,Sneha Toor,27,Female,"61, Yogi Circle, Alwar 418328",Government Employee,1,0.326
P-0154,Rohan Bhatti,37,Male,"30/316, Setty Zila, Tirupati 102027",Government Employee,0,0.153
P-0155,Kai Ganesan,57,Male,"41/056, Viswanathan Road, Firozabad 778507",Student,0,0.19
P-0156,Raksha Dugar,54,Female,"13/80, Arora Nagar, Ranchi 562208",Chartered Accountant,1,0.239
P-0157,Isaac Nagy,50,Male,"54/195, Thakkar Zila, Mangalore-806174",Chartered Accountant,1,0.186
P-0158,Nihal Chadha,41,Male,"H.No. 34, Modi, Madhyamgram-973832",Real Estate Agent,0,0.193
P-0159,Tara Bajwa,22,Female,"05/064, Jha Zila, Gurgaon-024103",Real Estate Agent,1,0.309
P-0160,Quincy Shanker,39,Male,"26/19, Bhatia, Bikaner 445655",Software Engineer,0,0.14
P-0161,Laban Kaur,37,Male,"912, Gala Zila, Kirari Suleman Nagar 618537",Farmer,0,0.406
P-0162,Vincent Lanka,59,Male,"490, Narang Ganj, Mysore 568044",Chartered Accountant,0,0.323
P-0163,Amruta Ravel,30,Female,"H.No. 712, Arora Zila, Korba-365199",Bank Clerk,0,0.088
P-0164,Baljiwan Bains,60,Male,"72/151, Shenoy Nagar, Gulbarga 670662",Real Estate Agent,0,0.482
P-0165,Hredhaan Grover,64,Male,"20, Korpal, Panchkula 870146",Government Employee,1,0.167
P-0166,Shaurya Iyengar,52,Male,"57, Sundaram Circle, Buxar-642059",Bank Clerk,1,0.349
P-0167,Amruta Mand,47,Female,"59/32, Kota Zila, Shimoga 396522",Mobile Shop Owner,1,0.304
P-0168,Nitara Parmer,53,Female,"92/93, More Chowk, Pallavaram 103930",Businessman,1,0.592
P-0169,Aachal Narula,46,Female,"H.No. 25, Bains Nagar, Dharmavaram-185156",Businessman,0,0.593
P-0170,Pahal Mittal,33,Female,"675, Parikh Street, Giridih 644220",Trader,0,0.111
P-0171,Anamika Gopal,27,Female,"91/725, Khanna Zila, Imphal 157043",Auto Driver,1,0.511
P-0172,Bahadurjit Palla,19,Male,"00/676, Sachdev Street, Burhanpur 861793",Unemployed,1,0.112
P-0173,Varsha Borah,33,Female,"H.No. 541, Oommen Zila, Gandhinagar 181599",Unemployed,1,0.148
P-0174,Amruta Sankar,56,Female,"015, Gupta Ganj, Begusarai-443106",Farmer,1,0.429
P-0175,Ganga Bhagat,33,Female,"14, Srinivasan, Jalandhar 324171",Student,0,0.364
P-0176,Rushil Sinha,42,Male,"H.No. 862, Raj Path, Gaya-047743",Contractor,0,0.441
P-0177,Azaan Dora,40,Male,"58/693, Bhat Circle, Nagaon 879374",Bank Clerk,0,0.278
P-0178,Rudra Banerjee,40,Male,"22, Hans Ganj, Kalyan-Dombivli-163294",Farmer,1,0.302
P-0179,Bhavna Chahal,58,Female,"54/87, Virk Nagar, Gorakhpur-229991",Auto Driver,0,0.082
P-0180,Chandresh Mangal,30,Male,"H.No. 67, Solanki, Malegaon 629960",Businessman,1,0.257
P-0181,Noah Khanna,59,Male,"H.No. 50, Mitter Path, Parbhani 132475",Real Estate Agent,1,0.504
P-0182,Turvi Chakraborty,39,Female,"678, Bhalla Path, Amritsar-862890",Auto Driver,0,0.279
P-0183,Inaya Iyer,23,Female,"H.No. 705, Mahal Ganj, Madhyamgram 103579",Trader,0,0.554
P-0184,Hema Som,37,Female,"414, Raju Nagar, Ujjain 333468",Government Employee,0,0.292
P-0185,Aarna Som,57,Female,"03/49, Maharaj Road, Gandhinagar-743748",Trader,1,0.102
P-0186,Charan Amble,19,Male,"H.No. 17, Nayar Zila, Anantapur 443283",Auto Driver,0,0.54
P-0187,Tamanna Nagarajan,41,Female,"74/466, Banik Marg, Tiruvottiyur-875842",Trader,0,0.057
P-0188,Nandini Chatterjee,22,Female,"48/251, Pant Ganj, Aizawl-554947",Student,1,0.286
P-0189,Wahab Bera,65,Male,"816, Misra Circle, Meerut 235697",Auto Driver,0,0.302
P-0190,Nisha Gole,31,Female,"H.No. 25, Agrawal Nagar, Panipat 292712",Student,1,0.12
P-0191,Upadhriti Raval,23,Female,"00, Iyengar Circle, Kanpur-830033",Mobile Shop Owner,0,0.208
P-0192,Nachiket Dayal,63,Male,"94/21, Misra Nagar, Sirsa 625753",Travel Agent,0,0.354
P-0193,Saksham Bahl,26,Male,"23/098, Dasgupta Street, Agra-489090",Bank Clerk,0,0.056
P-0194,Advaith Bava,57,Male,"61, Krishnan Circle, Jamnagar 046184",Businessman,1,0.155
P-0195,Ubika Cheema,54,Female,"H.No. 173, Iyengar, Nagaon 564208",Software Engineer,1,0.212
P-0196,Hemang Srivastava,53,Male,"H.No. 011, Tak, Mysore 143744",Chartered Accountant,0,0.191
P-0197,Arya Chaudhry,28,Female,"H.No. 55, D’Alia Marg, Ranchi-225579",Auto Driver,1,0.21
P-0198,Chakradhar Pradhan,34,Male,"H.No. 667, Rajan Road, Bidar 120216",Bank Clerk,0,0.373
P-0199,Theodore Golla,55,Male,"02/77, Sabharwal Zila, Ranchi-450899",Student,1,0.337
P-0200,Omkaar Venkataraman,19,Male,"37/562, Bhagat Circle, Sangli-Miraj & Kupwad 721753",Software Engineer,1,0.312
P-0201,Maya Bedi,57,Female,"31, Sawhney Chowk, Hubli–Dharwad-751701",Chartered Accountant,1,0.449
P-0202,Triveni Banik,37,Female,"94/88, Shan Ganj, Bharatpur 375899",Government Employee,1,0.077
P-0203,Qabil Sethi,38,Male,"30/554, Vig Circle, Aligarh 272614",Contractor,0,0.462
P-0204,Ijaya Dara,33,Female,"35, Sachdeva Zila, Giridih-779827",Government Employee,1,0.486
P-0205,Zilmil Bava,33,Female,"29/22, Ram Zila, Dibrugarh-693465",Contractor,0,0.405
P-0206,Upkaar Deol,49,Male,"84/85, Kalla Circle, Bhagalpur-522885",Farmer,0,0.1
P-0207,Qushi Srinivasan,21,Female,"08, Bakshi Zila, Ulhasnagar-034244",Shopkeeper,1,0.283
P-0208,Azaan Merchant,24,Male,"H.No. 71, Kapur, Patiala-066658",Trader,1,0.202
P-0209,Abeer Krishnamurthy,54,Male,"598, Hegde, Durg-212281",Farmer,1,0.31
P-0210,Anusha Sangha,57,Female,"294, Narayanan Nagar, Bhatpara 259094",Chartered Accountant,0,0.136
P-0211,Rachita Bora,27,Female,"818, Sagar Street, Tiruchirappalli 335554",Bank Clerk,0,0.48
P-0212,Zilmil Soman,51,Female,"57/399, Baral Ganj, Eluru 648408",Government Employee,1,0.151
P-0213,Yasti Trivedi,63,Female,"H.No. 435, Butala Circle, Rourkela-133613",Student,1,0.352
P-0214,Balendra Dube,56,Male,"50/110, Krishnamurthy Street, Ramgarh 466766",Government Employee,1,0.343
P-0215,Abhiram Ramachandran,55,Male,"91/901, Thakkar Path, Ramagundam 914766",Government Employee,1,0.669
P-0216,Warjas Dugar,44,Male,"68/424, Apte Path, Amravati-099688",Travel Agent,1,0.294
P-0217,Michael Kade,63,Male,"82, Gour Street, Tadepalligudem 312908",Auto Driver,0,0.322
P-0218,Balhaar Mannan,47,Male,"H.No. 397, Parikh Path, Noida 491357",Businessman,0,0.192
P-0219,Omya Mohan,57,Female,"H.No. 62, Munshi Nagar, Korba-452577",Government Employee,1,0.241
P-0220,Rachita Mody,36,Female,"914, Yohannan Street, Firozabad-108099",Travel Agent,1,0.449
P-0221,Jagvi Bansal,36,Female,"25/639, Desai Road, Orai 658039",Software Engineer,0,0.338
P-0222,Ekaraj Sehgal,36,Male,"92/75, Kanda Nagar, Ahmednagar-453038",Shopkeeper,1,0.423
P-0223,Sara Singh,31,Female,"H.No. 518, Lall Road, Gandhinagar-591846",Bank Clerk,0,0.239
P-0224,Samaksh Pandit,33,Male,"90, Dewan Circle, Dehradun 184322",Shopkeeper,0,0.53
P-0225,Radhika Dani,24,Female,"H.No. 17, Srinivas Chowk, Gudivada-603029",Chartered Accountant,0,0.008
P-0226,Ekani Vala,59,Female,"H.No. 242, Ravi Circle, Anantapuram 379772",Bank Clerk,0,0.373
P-0227,Samesh Dhar,52,Male,"579, Biswas, Burhanpur-210388",Travel Agent,0,0.215
P-0228,Falguni Char,49,Female,"90/88, Chander Zila, Bikaner-686508",Auto Driver,0,0.321
P-0229,Jyoti Subramaniam,35,Female,"91/62, Sood Road, Gwalior-986430",Bank Clerk,0,0.178
P-0230,Daniel Venkatesh,65,Male,"35/651, Sandhu Street, Bhilwara 959463",Real Estate Agent,0,0.44
P-0231,Warhi Gola,45,Female,"H.No. 49, Rao Path, Kochi 721386",Farmer,1,0.271
P-0232,Ati Dyal,39,Female,"H.No. 279, Chakrabarti Marg, Firozabad-519066",Unemployed,0,0.365
P-0233,Ayush Gill,47,Male,"H.No. 384, Bandi Ganj, Srikakulam-053021",Unemployed,1,0.24
P-0234,Ryan Pandit,58,Male,"38/01, Mane Zila, Sri Ganganagar-393769",Businessman,0,0.237
P-0235,Leena Gill,44,Female,"18/45, Varghese Zila, Siwan-769735",Travel Agent,0,0.23
P-0236,Victor Bala,61,Male,"H.No. 16, Karpe Ganj, Haridwar-880434",Mobile Shop Owner,0,0.451
P-0237,Ryan Oommen,21,Male,"55, Luthra Ganj, Jhansi 333433",Contractor,0,0.419
P-0238,Kritika Parekh,25,Female,"H.No. 179, Basak Nagar, Serampore-794728",Chartered Accountant,1,0.324
P-0239,Sneha Kapadia,26,Female,"67/80, Palan Circle, Akola-187500",Farmer,0,0.267
P-0240,Ranveer Chaudhuri,43,Male,"42/84, Luthra Ganj, Pudukkottai 527636",Unemployed,0,0.673
P-0241,Qabil Rattan,52,Male,"929, Chaudhry Ganj, Noida 632270",Shopkeeper,0,0.218
P-0242,Shivansh Tata,59,Male,"44, Batta Circle, Navi Mumbai-034717",Travel Agent,0,0.28
P-0243,Leena Patel,42,Female,"H.No. 06, Panchal Zila, Gangtok 455877",Software Engineer,0,0.323
P-0244,Rayaan Mangat,52,Male,"569, Ravel, Vijayawada-535544",Trader,0,0.484
P-0245,Lopa Saxena,52,Female,"22, Dass Nagar, Chandrapur 326111",Trader,0,0.225
P-0246,Avi Bal,20,Male,"H.No. 492, Ramakrishnan Zila, Berhampur-472282",Mobile Shop Owner,0,0.557
P-0247,Anika Parikh,56,Female,"84, Saxena Circle, Panvel 997968",Chartered Accountant,0,0.076
P-0248,Oscar Subramaniam,21,Male,"45, Lad Marg, Avadi-082547",Auto Driver,0,0.146
P-0249,Xalak Sood,33,Female,"49, Amble Ganj, Maheshtala 866326",Unemployed,0,0.233
P-0250,Imaran Lall,58,Male,"38/944, Luthra Circle, Maheshtala 224179",Chartered Accountant,0,0.204
P-0251,Madhavi Swamy,44,Female,"H.No. 208, Grewal Nagar, Ichalkaranji-270312",Auto Driver,1,0.199
P-0252,Yatin Kalla,47,Male,"H.No. 75, Balay Chowk, Jodhpur 046187",Businessman,1,0.239
P-0253,Inaya Krishna,31,Female,"H.No. 367, Bandi Ganj, Jaunpur-837645",Real Estate Agent,0,0.148
P-0254,Ansh Verma,22,Male,"43, Ben Path, Gorakhpur 650249",Bank Clerk,0,0.429
P-0255,Siya Kibe,37,Female,"79/25, Kothari Zila, Panchkula 950052",Businessman,1,0.789
P-0256,Edhitha Sura,33,Female,"57/30, Parmar Marg, Chandrapur-778487",Travel Agent,0,0.146
P-0257,Idika Pall,47,Female,"H.No. 98, Biswas Street, Hospet 485708",Farmer,0,0.113
P-0258,Hiral Bahl,38,Female,"H.No. 18, Gupta Marg, Suryapet 945651",Businessman,1,0.121
P-0259,Bahadurjit Bassi,34,Male,"H.No. 317, Chaudhary Ganj, Aurangabad-789940",Farmer,0,0.46
P-0260,Janya Bobal,54,Female,"71/705, Sagar Circle, Howrah 801413",Contractor,1,0.36
P-0261,Daksha Kashyap,64,Female,"839, Sagar Street, Gangtok-761228",Chartered Accountant,0,0.309
P-0262,Yashawini Nazareth,29,Female,"H.No. 58, Prabhu Path, Chinsurah-939836",Businessman,0,0.495
P-0263,Pranit Sethi,18,Male,"H.No. 049, Vasa Nagar, Barasat-433504",Trader,1,0.492
P-0264,Charvi Barad,41,Female,"245, Krish, Bardhaman-196931",Shopkeeper,0,0.379
P-0265,Wyatt Ghose,52,Male,"40/96, Bhalla Zila, Karnal-613906",Farmer,0,0.035
P-0266,Niharika Viswanathan,29,Female,"92/58, Dua Ganj, Singrauli 998136",Software Engineer,0,0.264
P-0267,Shravya Divan,35,Female,"H.No. 790, Rastogi Circle, Guwahati-862278",Mobile Shop Owner,0,0.214
P-0268,Yagnesh Rana,37,Male,"146, Chakraborty Path, Haridwar-553559",Chartered Accountant,0,0.074
P-0269,Niharika Gara,42,Female,"27/03, Prakash Ganj, Guwahati 039240",Trader,0,0.15
P-0270,Christopher Mody,51,Male,"H.No. 538, Jani Ganj, Motihari-920698",Businessman,1,0.086
P-0271,Joshua Garde,22,Male,"940, Anand Chowk, Munger 510463",Chartered Accountant,0,0.069
P-0272,Chandran Mutti,63,Male,"387, Bains Circle, Shahjahanpur-576205",Contractor,0,0.123
P-0273,Raagini Mittal,61,Female,"H.No. 460, Mammen Circle, Saharanpur-621689",Businessman,0,0.164
P-0274,Sathvik Khosla,50,Male,"H.No. 95, Deep Chowk, Durgapur-248262",Travel Agent,0,0.042
P-0275,Nitara Bir,38,Female,"H.No. 20, Sachdev Path, Avadi 423122",Shopkeeper,0,0.558
P-0276,Lila Kashyap,45,Female,"05/172, Singh Circle, Udaipur-772233",Auto Driver,0,0.333
P-0277,Samarth Aurora,23,Male,"331, Sarna Street, Anantapur 366096",Unemployed,1,0.322
P-0278,Ronith Yadav,23,Male,"70, Venkataraman Ganj, Thane 803476",Shopkeeper,0,0.421
P-0279,Mekhala Shenoy,46,Female,"H.No. 90, Dhar Circle, Bidhannagar-812982",Farmer,0,0.283
P-0280,Triveni Naik,42,Female,"793, Chana Chowk, North Dumdum-111751",Shopkeeper,1,0.128
P-0281,Fariq Radhakrishnan,54,Male,"592, Dhillon Street, Faridabad-447421",Farmer,1,0.286
P-0282,Harrison Aggarwal,28,Male,"77, Ahluwalia Circle, Patiala 977671",Trader,1,0.229
P-0283,Krisha Mall,56,Female,"205, Dhillon Nagar, Gangtok-510162",Student,1,0.091
P-0284,Meghana Goel,46,Female,"H.No. 145, Raghavan Path, Purnia-472145",Real Estate Agent,0,0.462
P-0285,Henry Kadakia,48,Male,"81/79, Sane Road, Rampur 299787",Real Estate Agent,1,0.183
P-0286,Gautam Kaul,38,Male,"H.No. 107, Johal Zila, Haridwar 558303",Trader,1,0.379
P-0287,Joshua Bir,46,Male,"85/01, Om Path, Jehanabad 235577",Mobile Shop Owner,1,0.289
P-0288,Ekanta Subramaniam,26,Female,"57/60, Mistry Circle, Miryalaguda-395512",Chartered Accountant,1,0.192
P-0289,Amruta Nori,56,Female,"96/29, Morar Zila, Patna-617357",Government Employee,0,0.187
P-0290,Hritik Vohra,41,Male,"H.No. 503, Sawhney Zila, Karawal Nagar 357845",Travel Agent,0,0.49
P-0291,Chavvi Varty,28,Female,"07/681, Mukhopadhyay Nagar, Hindupur-570184",Chartered Accountant,0,0.275
P-0292,Nimrat Kadakia,45,Female,"448, Sastry Path, Darbhanga 241098",Software Engineer,1,0.175
P-0293,Harshil Palla,46,Male,"493, Bobal Street, Pudukkottai 870207",Real Estate Agent,0,0.447
P-0294,Chatresh Rajagopal,48,Male,"62, Sehgal, Bijapur 381792",Software Engineer,1,0.553
P-0295,Vivaan Chatterjee,51,Male,"77/332, Kuruvilla, Katni-557701",Government Employee,1,0.106
P-0296,Daksh Panchal,63,Male,"459, Datta, Machilipatnam-581487",Software Engineer,1,0.148
P-0297,Samuel Khare,51,Male,"61, Joshi Path, Raebareli-832197",Auto Driver,0,0.219
P-0298,Vincent Nanda,29,Male,"461, Chopra, Khammam 013290",Chartered Accountant,0,0.138
P-0299,Falguni Sethi,42,Female,"97/33, Mistry Path, Raebareli 190986",Shopkeeper,0,0.275
P-0300,Manan Bhatia,41,Male,"H.No. 851, Balasubramanian Road, Bhiwani 566668",Real Estate Agent,1,0.11
P-0301,Harini Soman,54,Female,"65/62, Dass Road, Hyderabad-027621",Travel Agent,0,0.385
P-0302,Sarthak Shah,54,Male,"86, Sengupta Circle, Raichur-269097",Software Engineer,1,0.406
P-0303,Yamini Luthra,52,Female,"H.No. 097, Chowdhury Path, Vijayawada-847818",Contractor,0,0.369
P-0304,Krisha Sodhi,52,Female,"05/80, Setty Chowk, Chapra 654420",Bank Clerk,0,0.363
P-0305,Kalpit Bhat,37,Male,"04/90, Sundaram Road, Cuttack-442944",Contractor,0,0.473
P-0306,Abhimanyu Choudhury,46,Male,"75/243, Golla Chowk, Tiruvottiyur-292766",Contractor,0,0.128
P-0307,Thomas Ganesh,31,Male,"H.No. 410, Shetty Street, Fatehpur-783667",Mobile Shop Owner,0,0.18
P-0308,Eta Wali,28,Female,"H.No. 76, Wagle Path, Jalandhar-694544",Student,1,0.067
P-0309,Joshua Raman,21,Male,"93/852, Anne Path, Jabalpur-618175",Student,0,0.053
P-0310,Lucky Krishnamurthy,38,Male,"H.No. 910, Kalla, Jamshedpur-926921",Travel Agent,1,0.06
P-0311,Jonathan Menon,26,Male,"74/654, Borah Street, Ghaziabad-650442",Mobile Shop Owner,0,0.481
P-0312,Bhavya Swamy,59,Female,"712, Sankar Circle, Srikakulam-741011",Auto Driver,0,0.546
P-0313,Vansha Bahl,33,Female,"00/642, Raman Path, Kottayam-766183",Mobile Shop Owner,0,0.205
P-0314,Sanaya Subramaniam,58,Female,"H.No. 46, Chana Nagar, Deoghar 174328",Trader,0,0.329
P-0315,Rehaan Halder,43,Male,"H.No. 571, Gupta Chowk, Vadodara 093761",Farmer,0,0.288
P-0316,Yahvi Walla,47,Female,"H.No. 505, Ravi Nagar, Rajpur Sonarpur-829310",Government Employee,1,0.37
P-0317,Yash Bahl,64,Male,"202, Mohanty Nagar, Sirsa-911179",Government Employee,0,0.276
P-0318,Azad Jain,52,Male,"65/198, Nagy Street, Ranchi-511426",Trader,1,0.346
P-0319,Reva Gala,35,Female,"02/19, Dugar Marg, Morbi-002194",Real Estate Agent,0,0.199
P-0320,Wazir Date,54,Male,"48/763, Barad Street, Panchkula-456083",Contractor,0,0.151
P-0321,Daniel Wagle,20,Male,"83/73, Bera Road, Gorakhpur 772200",Software Engineer,0,0.33
P-0322,Lucky Kadakia,46,Male,"H.No. 97, Chawla Nagar, Siwan-207811",Government Employee,1,0.459
P-0323,Tristan Nanda,62,Male,"53/153, Khalsa Zila, Kollam-317970",Businessman,1,0.553
P-0324,Eta Kalita,23,Female,"52, Hari Chowk, Gopalpur-520904",Chartered Accountant,0,0.221
P-0325,Christopher Shroff,21,Male,"534, Dugar, Gangtok-168739",Trader,0,0.199
P-0326,Vihaan Mallick,45,Male,"33/569, Dixit Ganj, Erode 078068",Chartered Accountant,1,0.264
P-0327,Wakeeta Chaudhari,22,Female,"180, Kamdar Marg, Secunderabad-310742",Auto Driver,0,0.136
P-0328,Advik Sha,18,Male,"62/570, Rajan Zila, Bettiah-464989",Travel Agent,1,0.252
P-0329,Chaitaly Nayak,62,Female,"H.No. 165, Baria Chowk, Ambarnath 818325",Auto Driver,0,0.196
P-0330,Dakshesh Sridhar,24,Male,"H.No. 54, Sampath Circle, Meerut-557788",Real Estate Agent,0,0.271
P-0331,Wahab Wali,59,Male,"51/37, Buch Zila, Mangalore 112412",Chartered Accountant,1,0.318
P-0332,Faqid Jayaraman,46,Male,"82, Palan Chowk, Raiganj 431038",Real Estate Agent,0,0.43
P-0333,Samesh Oza,44,Male,"88/77, Deo Road, Tirunelveli 375402",Student,0,0.437
P-0334,Lucky Shah,26,Male,"84/222, Khanna Street, Kalyan-Dombivli-927452",Mobile Shop Owner,1,0.454
P-0335,Anika Nadig,38,Female,"H.No. 78, Walla Street, Bhilai 672752",Mobile Shop Owner,1,0.657
P-0336,Zehaan Narula,33,Male,"H.No. 92, Sathe, Gorakhpur 028140",Farmer,0,0.647
P-0337,Januja Sehgal,62,Female,"H.No. 09, Vyas Ganj, Alwar 018718",Shopkeeper,0,0.691
P-0338,Gunbir Swaminathan,51,Male,"56/265, Pradhan Marg, Anantapuram 547813",Student,0,0.176
P-0339,Triya Savant,59,Female,"66/299, Dhawan Zila, Avadi 851961",Shopkeeper,0,0.163
P-0340,Samarth Mahajan,49,Male,"79/23, Raj Street, Begusarai-049478",Trader,1,0.167
P-0341,Isaac Bala,51,Male,"H.No. 47, Mani Zila, Mangalore 301471",Businessman,0,0.12
P-0342,Warda Sarin,26,Female,"15/890, Gaba Road, Ulhasnagar 725204",Trader,0,0.155
P-0343,Shaurya Parekh,48,Male,"H.No. 81, Hari Circle, Bareilly 855445",Mobile Shop Owner,1,0.202
P-0344,Patrick Dhawan,34,Male,"45/76, Gaba Path, Bellary 833898",Bank Clerk,1,0.219
P-0345,Turvi Sharma,50,Female,"075, Patil Road, Mango 240132",Unemployed,0,0.367
P-0346,Jhalak Mohanty,62,Female,"161, Bahl Zila, Chinsurah-310890",Trader,1,0.763
P-0347,Daniel Kulkarni,35,Male,"H.No. 01, Jha Zila, Udaipur 012495",Software Engineer,1,0.74
P-0348,Faris Tella,52,Male,"H.No. 908, Handa Ganj, Tirunelveli-138759",Real Estate Agent,0,0.246
P-0349,Thomas Chhabra,37,Male,"63, Kari Circle, Gorakhpur-171827",Travel Agent,0,0.217
P-0350,Maanas Baria,45,Male,"16, Shan Road, Raiganj 864631",Software Engineer,0,0.289
P-0351,Qarin Gola,25,Male,"16/781, Dhar Zila, Rewa 215353",Shopkeeper,0,0.139
P-0352,Darsh Kaul,49,Male,"H.No. 99, Ratta Road, Fatehpur-784271",Real Estate Agent,0,0.203
P-0353,Ladli Suri,26,Female,"20/101, Bala Chowk, Eluru-249911",Travel Agent,0,0.14
P-0354,Viraj Jaggi,19,Male,"84, Oza Circle, Patna 167567",Real Estate Agent,0,0.141
P-0355,Andrew Bali,34,Male,"27/624, Sura Marg, Jehanabad-889778",Travel Agent,0,0.141
P-0356,Yashica Bhalla,50,Female,"96, Pandit, Pondicherry-090255",Real Estate Agent,1,0.157
P-0357,Onkar Rai,41,Male,"H.No. 56, Bhalla Path, Shahjahanpur 491141",Auto Driver,1,0.235
P-0358,Frado Bahri,32,Male,"69, Sama Circle, Jaipur 905696",Travel Agent,0,0.159
P-0359,Chandran Suresh,33,Male,"H.No. 78, Ganesan Path, Bharatpur 371834",Shopkeeper,0,0.204
P-0360,Arjun Mishra,20,Male,"19/19, Mahajan Path, Tezpur-635148",Farmer,0,0.285
P-0361,Upma Zacharia,32,Female,"64, Varma, Motihari 082973",Real Estate Agent,1,0.264
P-0362,Krish Walia,54,Male,"35/72, Dora Ganj, Raebareli-513644",Real Estate Agent,1,0.305
P-0363,Kabir Keer,29,Male,"H.No. 230, Mukherjee Ganj, Shivpuri-603242",Bank Clerk,0,0.34
P-0364,Leela Mall,22,Female,"70/015, Misra, Vellore-162319",Businessman,0,0.371
P-0365,Yutika Vohra,38,Female,"H.No. 391, Narayan Path, Noida 321234",Software Engineer,0,0.298
P-0366,Tara Kumar,54,Female,"51/58, Soman Marg, Alwar 575409",Mobile Shop Owner,1,0.516
P-0367,Avni Khatri,55,Female,"H.No. 51, Khalsa Circle, Munger 644134",Government Employee,0,0.266
P-0368,Faris Sarna,27,Male,"H.No. 417, Sachar Chowk, Bhusawal 248156",Shopkeeper,0,0.32
P-0369,Vasana Bala,58,Female,"72/063, Murthy Road, Bhubaneswar 382965",Contractor,0,0.124
P-0370,William Deol,60,Male,"95/431, Pillai Marg, Singrauli 930089",Trader,0,0.278
P-0371,Chaitanya Shere,51,Male,"20/696, Lad, Hubli–Dharwad-291086",Bank Clerk,0,0.308
P-0372,Yug Dani,63,Male,"447, De Marg, Tiruppur-436262",Unemployed,1,0.373
P-0373,Mohini Lala,62,Female,"597, Anne Zila, Guntur-636694",Businessman,0,0.369
P-0374,Champak Bhargava,50,Male,"759, Bath, Nizamabad 465280",Auto Driver,0,0.165
P-0375,Kalpit Gara,45,Male,"21, Wali Path, Ajmer-150274",Chartered Accountant,0,0.196
P-0376,Upasna Mandal,38,Female,"56/25, Dora Chowk, Meerut 203207",Businessman,0,0.181
P-0377,Gautami Sibal,38,Female,"07, Sundaram Path, Kumbakonam-215134",Government Employee,1,0.225
P-0378,Frado Trivedi,26,Male,"08/92, Bose Marg, Panchkula 504165",Mobile Shop Owner,0,0.149
P-0379,Neel Dube,28,Male,"77, Ahluwalia Road, Varanasi 592304",Government Employee,0,0.153
P-0380,Baghyawati Bobal,31,Female,"42, Rastogi Ganj, Jaipur-266421",Government Employee,1,0.422
P-0381,Yatan Sankaran,23,Male,"H.No. 15, Iyengar Circle, Amroha 749961",Auto Driver,0,0.437
P-0382,Qarin Grewal,31,Male,"H.No. 085, Kapur Chowk, Shimla-476174",Contractor,0,0.462
P-0383,Devansh Mital,40,Male,"H.No. 90, Bose Circle, Anand-866179",Trader,0,0.095
P-0384,Peter Kumar,19,Male,"H.No. 722, Bath Marg, Erode 597794",Trader,0,0.219
P-0385,Girik Kakar,24,Male,"94/168, Ahluwalia Nagar, Bhiwandi-277697",Government Employee,1,0.245
P-0386,Pranit Rana,18,Male,"203, Babu Zila, Indore 723683",Shopkeeper,0,0.268
P-0387,Nidhi Sheth,41,Female,"01, Dua Street, Shivpuri-079334",Chartered Accountant,0,0.315
P-0388,Ati Nath,22,Female,"66/799, Mannan Circle, Morbi 789973",Shopkeeper,0,0.279
P-0389,Zarna Bahl,26,Female,"14/67, Talwar Zila, Sultan Pur Majra-024375",Software Engineer,0,0.291
P-0390,Kala Tripathi,25,Female,"72/46, Parsa Marg, Nanded-417223",Shopkeeper,0,0.354
P-0391,Xalak Chaudhuri,64,Female,"H.No. 33, Batta Circle, Secunderabad-522801",Trader,0,0.497
P-0392,Tanveer Comar,40,Male,"37/45, Batra Path, Saharanpur-077119",Bank Clerk,0,0.508
P-0393,Anvi Tripathi,27,Female,"13/524, Toor Chowk, Navi Mumbai 552137",Shopkeeper,0,0.467
P-0394,Aarini Korpal,49,Female,"H.No. 82, Lata Zila, Vijayanagaram-328632",Trader,0,0.099
P-0395,Samuel Rout,35,Male,"H.No. 720, Boase Circle, Sonipat-626060",Trader,1,0.122
P-0396,Ayush Venkatesh,58,Male,"84, Padmanabhan Path, Parbhani 673899",Mobile Shop Owner,0,0.535
P-0397,Pooja Ravel,48,Female,"H.No. 085, Date Marg, Kakinada-884852",Farmer,0,0.221
P-0398,Amrita Zacharia,42,Female,"H.No. 68, Bhasin Zila, Rampur 101749",Unemployed,1,0.192
P-0399,Utkarsh Nori,35,Male,"H.No. 44, Dey, Saharsa-158935",Shopkeeper,0,0.561
P-0400,Chandran Din,28,Male,"H.No. 106, Soni Street, Amroha-586988",Software Engineer,1,0.299
P-0401,Kevin Tara,32,Male,"76/228, Sundaram Street, Bikaner-377028",Student,0,0.27
