txn_id,sender_account_id,receiver_account_id,amount_inr,timestamp,mode
TXN-00001,A-0185,A-0323,30092.29,2023-08-24 12:28:32,NEFT
TXN-00002,A-0404,A-0117,6640.75,2024-10-28 03:40:28,NEFT
TXN-00003,A-0471,A-0210,40463.9,2025-03-12 19:39:50,UPI
TXN-00004,A-0484,A-0016,20194.75,2023-01-16 10:54:53,IMPS
TXN-00005,A-0044,A-0174,14508.8,2023-09-13 06:28:05,NEFT
TXN-00006,A-0032,A-0202,34284.06,2025-10-22 13:09:05,RTGS
TXN-00007,A-0463,A-0295,3072.54,2025-09-08 04:02:11,UPI
TXN-00008,A-0215,A-0206,39917.34,2025-12-24 15:21:34,UPI
TXN-00009,A-0370,A-0381,14459.44,2024-06-18 15:06:59,IMPS
TXN-00010,A-0424,A-0144,40559.28,2025-08-06 05:24:03,RTGS
TXN-00011,A-0359,A-0207,20355.41,2023-11-15 15:56:01,NEFT
TXN-00012,A-0358,A-0177,40001.53,2025-10-04 19:24:51,NEFT
TXN-00013,A-0398,A-0102,39703.37,2023-05-11 22:13:14,IMPS
TXN-00014,A-0276,A-0172,17854.71,2023-07-15 17:49:51,UPI
TXN-00015,A-0110,A-0048,23269.39,2024-04-30 01:36:49,UPI
TXN-00016,A-0388,A-0326,7621.22,2023-02-13 07:51:36,UPI
TXN-00017,A-0124,A-0427,34950.02,2024-10-18 17:06:31,IMPS
TXN-00018,A-0375,A-0031,37950.46,2024-02-08 12:25:21,UPI
TXN-00019,A-0064,A-0025,34166.92,2023-07-13 19:00:35,NEFT
TXN-00020,A-0153,A-0294,33290.21,2024-12-04 22:33:02,UPI
TXN-00021,A-0121,A-0413,33686.23,2025-06-22 11:23:21,RTGS
TXN-00022,A-0180,A-0154,13161.83,2025-06-08 18:15:15,RTGS
TXN-00023,A-0366,A-0194,23625.17,2024-01-20 16:26:23,IMPS
TXN-00024,A-0168,A-0265,26415.42,2024-07-15 05:01:47,NEFT
TXN-00025,A-0051,A-0076,32168.0,2024-10-02 02:26:51,IMPS
TXN-00026,A-0048,A-0032,19407.46,2023-07-22 01:06:43,NEFT
TXN-00027,A-0110,A-0229,3974.23,2025-11-17 09:46:10,NEFT
TXN-00028,A-0302,A-0287,23593.05,2024-09-05 06:33:26,UPI
TXN-00029,A-0300,A-0256,28822.52,2024-11-14 15:22:11,NEFT
TXN-00030,A-0375,A-0214,37159.63,2023-08-13 05:36:56,RTGS
TXN-00031,A-0249,A-0365,20868.22,2025-12-30 10:35:02,IMPS
TXN-00032,A-0356,A-0109,20766.74,2023-02-20 15:41:29,RTGS
TXN-00033,A-0484,A-0287,16935.28,2023-07-04 11:55:10,NEFT
TXN-00034,A-0057,A-0062,16946.58,2024-03-25 20:43:09,IMPS
TXN-00035,A-0268,A-0079,5739.53,2024-04-18 16:24:45,UPI
TXN-00036,A-0156,A-0151,22123.69,2023-08-10 22:33:25,RTGS
TXN-00037,A-0402,A-0302,19268.19,2024-04-19 01:20:13,UPI
TXN-00038,A-0111,A-0094,36951.07,2025-01-29 07:32:54,IMPS
TXN-00039,A-0063,A-0281,16014.88,2023-03-11 09:53:00,NEFT
TXN-00040,A-0247,A-0294,14281.73,2024-12-03 17:44:27,UPI
TXN-00041,A-0401,A-0194,21647.63,2025-07-29 22:29:41,RTGS
TXN-00042,A-0391,A-0071,22961.99,2024-12-17 00:56:44,NEFT
TXN-00043,A-0342,A-0230,7129.73,2024-05-20 04:56:31,IMPS
TXN-00044,A-0410,A-0320,30070.35,2024-09-28 08:03:03,NEFT
TXN-00045,A-0120,A-0461,18095.17,2025-04-20 09:44:06,IMPS
TXN-00046,A-0491,A-0344,40106.92,2024-03-06 21:17:35,IMPS
TXN-00047,A-0444,A-0085,31970.78,2025-06-07 13:30:41,UPI
TXN-00048,A-0288,A-0331,6008.28,2025-05-18 22:11:05,IMPS
TXN-00049,A-0099,A-0490,28032.33,2025-06-15 02:44:05,IMPS
TXN-00050,A-0491,A-0292,23718.04,2025-01-09 04:26:25,IMPS
TXN-00051,A-0062,A-0338,42160.09,2023-10-07 05:19:10,IMPS
TXN-00052,A-0141,A-0403,9658.32,2025-06-19 07:17:33,NEFT
TXN-00053,A-0044,A-0414,24242.7,2024-05-12 18:32:22,NEFT
TXN-00054,A-0302,A-0024,22370.55,2023-02-06 03:19:00,UPI
TXN-00055,A-0224,A-0093,18964.67,2025-03-31 01:36:14,UPI
TXN-00056,A-0196,A-0132,4550.62,2023-06-04 07:25:34,RTGS
TXN-00057,A-0147,A-0074,8628.77,2023-05-20 05:35:42,RTGS
TXN-00058,A-0158,A-0488,18623.8,2023-09-20 19:53:58,IMPS
TXN-00059,A-0315,A-0493,14975.44,2023-02-12 05:00:55,IMPS
TXN-00060,A-0153,A-0200,4894.12,2023-08-10 07:18:51,NEFT
TXN-00061,A-0458,A-0166,11978.08,2023-07-07 21:56:57,IMPS
TXN-00062,A-0104,A-0123,33969.95,2025-06-29 08:44:51,RTGS
TXN-00063,A-0253,A-0261,33981.35,2024-08-21 03:39:18,IMPS
TXN-00064,A-0138,A-0032,14665.97,2025-05-09 05:50:55,NEFT
TXN-00065,A-0034,A-0248,1786.34,2025-09-11 04:07:53,RTGS
TXN-00066,A-0468,A-0454,1328.72,2025-05-10 17:25:22,IMPS
TXN-00067,A-0127,A-0391,25184.48,2023-07-15 01:38:20,UPI
TXN-00068,A-0291,A-0209,20346.21,2025-09-14 16:18:16,RTGS
TXN-00069,A-0401,A-0073,17112.08,2023-09-19 06:30:55,RTGS
TXN-00070,A-0276,A-0488,19356.98,2025-05-12 09:34:33,NEFT
TXN-00071,A-0022,A-0001,36662.65,2025-08-22 06:29:19,UPI
TXN-00072,A-0335,A-0086,524.16,2025-01-19 01:12:24,UPI
TXN-00073,A-0307,A-0129,37857.2,2024-08-13 13:09:00,UPI
TXN-00074,A-0432,A-0324,9967.56,2025-03-03 18:25:21,UPI
TXN-00075,A-0024,A-0083,33393.64,2025-05-24 17:12:10,IMPS
TXN-00076,A-0154,A-0046,18091.07,2023-07-11 00:54:48,RTGS
TXN-00077,A-0372,A-0285,44947.55,2024-11-02 00:43:36,RTGS
TXN-00078,A-0313,A-0259,43105.06,2024-05-09 11:13:51,UPI
TXN-00079,A-0326,A-0134,44094.0,2024-12-04 06:33:12,UPI
TXN-00080,A-0126,A-0340,44244.48,2024-06-14 16:52:56,RTGS
TXN-00081,A-0236,A-0492,27178.36,2023-01-25 15:50:54,RTGS
TXN-00082,A-0331,A-0473,591.11,2025-01-10 06:17:13,IMPS
TXN-00083,A-0462,A-0005,30435.43,2024-10-03 19:50:03,NEFT
TXN-00084,A-0391,A-0202,24446.85,2025-10-05 08:06:01,IMPS
TXN-00085,A-0276,A-0016,40219.46,2025-11-09 07:33:01,NEFT
TXN-00086,A-0345,A-0064,16208.27,2024-08-07 16:19:51,UPI
TXN-00087,A-0199,A-0091,37841.99,2025-12-18 19:10:00,IMPS
TXN-00088,A-0064,A-0237,16986.39,2023-10-27 19:13:14,NEFT
TXN-00089,A-0005,A-0114,33569.93,2024-03-12 17:27:11,UPI
TXN-00090,A-0099,A-0047,36824.5,2025-08-29 06:30:30,UPI
TXN-00091,A-0414,A-0368,10341.07,2025-02-06 02:31:17,UPI
TXN-00092,A-0019,A-0144,22431.29,2025-12-29 16:48:02,RTGS
TXN-00093,A-0004,A-0101,44299.73,2025-09-18 18:37:23,NEFT
TXN-00094,A-0057,A-0446,12841.97,2025-02-16 05:29:30,NEFT
TXN-00095,A-0088,A-0283,9122.78,2025-05-28 19:05:14,RTGS
TXN-00096,A-0034,A-0302,6206.96,2023-04-12 01:12:52,RTGS
TXN-00097,A-0133,A-0478,25860.7,2023-12-21 03:09:27,UPI
TXN-00098,A-0099,A-0435,30670.05,2025-12-12 12:23:01,UPI
TXN-00099,A-0349,A-0287,39798.04,2023-01-04 00:53:10,NEFT
TXN-00100,A-0329,A-0345,42466.8,2023-03-22 13:35:06,UPI
TXN-00101,A-0222,A-0433,44782.24,2024-03-01 16:47:15,IMPS
TXN-00102,A-0349,A-0266,21263.11,2024-07-15 12:38:49,IMPS
TXN-00103,A-0453,A-0370,10492.4,2024-03-07 18:05:39,NEFT
TXN-00104,A-0273,A-0230,14572.77,2024-08-31 17:33:29,RTGS
TXN-00105,A-0172,A-0042,39664.38,2023-02-09 09:56:03,RTGS
TXN-00106,A-0354,A-0217,43121.02,2024-01-24 08:05:06,RTGS
TXN-00107,A-0085,A-0169,14330.86,2025-08-30 10:46:24,IMPS
TXN-00108,A-0015,A-0246,19721.73,2023-02-07 07:39:43,UPI
TXN-00109,A-0431,A-0129,11498.33,2025-01-05 16:12:45,RTGS
TXN-00110,A-0491,A-0175,37547.03,2024-06-02 05:04:44,RTGS
TXN-00111,A-0484,A-0038,35020.85,2025-08-20 11:06:55,NEFT
TXN-00112,A-0392,A-0049,28328.02,2025-06-18 08:14:29,IMPS
TXN-00113,A-0044,A-0032,41293.79,2024-08-09 06:18:37,UPI
TXN-00114,A-0456,A-0435,31354.68,2023-07-18 02:52:44,IMPS
TXN-00115,A-0471,A-0411,20165.37,2024-04-13 07:39:22,NEFT
TXN-00116,A-0034,A-0053,30651.62,2025-05-18 18:39:05,IMPS
TXN-00117,A-0151,A-0436,17474.77,2023-05-29 20:48:38,NEFT
TXN-00118,A-0120,A-0443,27181.13,2025-10-21 20:17:40,IMPS
TXN-00119,A-0233,A-0197,21157.3,2024-10-27 00:56:19,IMPS
TXN-00120,A-0174,A-0334,42222.53,2023-02-10 08:18:33,NEFT
TXN-00121,A-0265,A-0169,26657.69,2023-06-17 18:46:39,IMPS
TXN-00122,A-0007,A-0305,32241.82,2025-07-10 00:24:38,RTGS
TXN-00123,A-0464,A-0294,6106.18,2025-03-01 13:05:34,UPI
TXN-00124,A-0182,A-0216,21922.27,2025-08-22 10:59:55,NEFT
TXN-00125,A-0096,A-0125,6626.44,2023-03-10 11:04:41,IMPS
TXN-00126,A-0066,A-0160,26511.24,2025-03-08 02:42:50,UPI
TXN-00127,A-0160,A-0299,39892.37,2023-08-15 05:16:54,RTGS
TXN-00128,A-0241,A-0159,27348.16,2024-03-28 03:39:01,UPI
TXN-00129,A-0005,A-0266,26596.58,2025-11-19 16:52:15,RTGS
TXN-00130,A-0030,A-0122,23066.3,2025-05-19 01:48:16,IMPS
TXN-00131,A-0217,A-0177,9195.62,2023-11-08 06:24:21,RTGS
TXN-00132,A-0403,A-0036,15699.06,2025-11-03 11:37:50,NEFT
TXN-00133,A-0356,A-0355,44195.58,2025-07-20 16:45:33,UPI
TXN-00134,A-0437,A-0297,25691.31,2024-06-05 10:19:47,UPI
TXN-00135,A-0215,A-0169,7721.46,2024-12-06 17:36:34,IMPS
TXN-00136,A-0254,A-0113,41437.93,2025-09-19 06:57:42,RTGS
TXN-00137,A-0355,A-0118,21260.89,2023-11-28 02:22:46,RTGS
TXN-00138,A-0247,A-0377,34691.5,2024-05-29 23:46:44,NEFT
TXN-00139,A-0106,A-0205,8698.88,2023-01-11 10:44:26,UPI
TXN-00140,A-0006,A-0038,16425.96,2025-05-11 16:24:07,IMPS
TXN-00141,A-0073,A-0149,20098.16,2025-09-07 17:51:32,UPI
TXN-00142,A-0023,A-0016,9360.97,2024-03-17 08:02:55,RTGS
TXN-00143,A-0113,A-0454,12158.95,2023-09-28 17:47:52,UPI
TXN-00144,A-0434,A-0284,11445.41,2023-11-01 10:56:45,IMPS
TXN-00145,A-0091,A-0432,12149.59,2023-06-07 04:38:41,IMPS
TXN-00146,A-0426,A-0347,6607.34,2025-10-14 07:17:35,IMPS
TXN-00147,A-0174,A-0480,9855.56,2024-12-09 16:30:21,RTGS
TXN-00148,A-0190,A-0415,17069.59,2023-09-24 04:45:23,NEFT
TXN-00149,A-0450,A-0365,3409.3,2023-08-13 08:49:27,RTGS
TXN-00150,A-0407,A-0098,9029.82,2024-08-10 12:09:04,UPI
TXN-00151,A-0163,A-0307,19614.54,2025-09-15 05:07:41,RTGS
TXN-00152,A-0472,A-0024,34457.17,2025-07-01 09:05:44,RTGS
TXN-00153,A-0438,A-0275,13591.13,2023-08-19 18:58:34,UPI
TXN-00154,A-0127,A-0028,28510.93,2024-03-11 01:53:22,RTGS
TXN-00155,A-0436,A-0261,43593.1,2025-01-29 14:53:32,RTGS
TXN-00156,A-0373,A-0042,35417.6,2025-10-27 17:09:17,IMPS
TXN-00157,A-0086,A-0261,17771.16,2025-09-29 02:00:39,UPI
TXN-00158,A-0256,A-0266,21159.89,2024-05-14 22:26:09,UPI
TXN-00159,A-0270,A-0356,22006.72,2025-02-07 15:11:01,NEFT
TXN-00160,A-0138,A-0298,18342.1,2025-06-26 04:27:00,IMPS
TXN-00161,A-0107,A-0113,40322.37,2024-12-03 06:45:59,RTGS
TXN-00162,A-0203,A-0112,14116.96,2024-08-08 18:40:18,RTGS
TXN-00163,A-0479,A-0432,17147.78,2025-05-05 06:03:55,IMPS
TXN-00164,A-0069,A-0385,4239.25,2024-11-21 12:21:33,UPI
TXN-00165,A-0118,A-0299,2330.86,2025-03-06 18:30:53,UPI
TXN-00166,A-0219,A-0231,21306.02,2024-09-27 06:51:52,UPI
TXN-00167,A-0412,A-0255,14607.41,2024-08-16 23:49:17,IMPS
TXN-00168,A-0092,A-0227,10903.67,2025-09-29 12:34:22,IMPS
TXN-00169,A-0184,A-0462,4167.62,2025-02-18 11:09:07,IMPS
TXN-00170,A-0403,A-0142,41733.96,2023-06-02 20:57:27,IMPS
TXN-00171,A-0037,A-0185,2203.52,2023-11-08 03:58:16,UPI
TXN-00172,A-0101,A-0346,15151.24,2024-04-15 06:03:17,UPI
TXN-00173,A-0098,A-0362,27379.51,2023-08-03 03:59:03,UPI
TXN-00174,A-0005,A-0395,13826.6,2024-06-22 11:23:27,NEFT
TXN-00175,A-0485,A-0208,37072.83,2025-10-14 23:40:19,IMPS
TXN-00176,A-0242,A-0335,23312.79,2023-08-20 21:36:15,NEFT
TXN-00177,A-0117,A-0371,33836.6,2025-01-07 00:20:24,RTGS
TXN-00178,A-0265,A-0301,35475.87,2024-12-29 03:49:53,NEFT
TXN-00179,A-0175,A-0406,4321.48,2023-10-19 19:25:37,NEFT
TXN-00180,A-0395,A-0483,31558.39,2023-11-22 13:53:09,NEFT
TXN-00181,A-0231,A-0437,25350.88,2024-08-05 01:50:05,RTGS
TXN-00182,A-0296,A-0448,6211.38,2023-01-16 00:56:22,NEFT
TXN-00183,A-0415,A-0338,37626.3,2024-06-11 21:29:29,RTGS
TXN-00184,A-0215,A-0218,31016.44,2024-09-18 14:40:32,UPI
TXN-00185,A-0167,A-0301,1534.17,2023-02-20 00:50:17,RTGS
TXN-00186,A-0079,A-0488,44744.45,2025-06-01 15:41:29,NEFT
TXN-00187,A-0196,A-0105,42716.82,2023-04-09 23:15:10,NEFT
TXN-00188,A-0097,A-0244,5334.41,2025-06-03 17:03:30,NEFT
TXN-00189,A-0328,A-0459,14056.72,2023-09-24 07:08:14,IMPS
TXN-00190,A-0346,A-0284,8404.81,2025-12-06 08:41:49,NEFT
TXN-00191,A-0014,A-0096,9355.44,2024-08-22 11:10:31,UPI
TXN-00192,A-0106,A-0120,13454.2,2025-03-25 14:53:19,IMPS
TXN-00193,A-0233,A-0030,16905.03,2023-01-18 03:51:55,RTGS
TXN-00194,A-0168,A-0441,40986.65,2024-08-30 13:27:41,RTGS
TXN-00195,A-0057,A-0067,24372.16,2025-01-12 22:29:41,IMPS
TXN-00196,A-0200,A-0490,40709.64,2023-11-17 18:07:15,RTGS
TXN-00197,A-0446,A-0106,14284.19,2025-10-29 17:15:58,NEFT
TXN-00198,A-0082,A-0310,26091.57,2024-04-27 01:20:04,RTGS
TXN-00199,A-0258,A-0367,30975.2,2024-03-03 21:11:02,RTGS
TXN-00200,A-0004,A-0074,20335.06,2024-09-12 04:37:51,RTGS
TXN-00201,A-0270,A-0169,41008.46,2025-02-01 16:15:51,NEFT
TXN-00202,A-0237,A-0295,2239.27,2023-05-22 12:33:14,UPI
TXN-00203,A-0331,A-0452,41390.87,2024-06-22 16:57:50,UPI
TXN-00204,A-0201,A-0314,37142.62,2023-09-30 01:10:52,NEFT
TXN-00205,A-0128,A-0092,40548.43,2024-11-02 04:59:01,NEFT
TXN-00206,A-0197,A-0467,29829.06,2025-12-21 02:47:20,IMPS
TXN-00207,A-0202,A-0358,42583.09,2024-01-08 08:29:12,RTGS
TXN-00208,A-0141,A-0452,28449.7,2024-03-29 10:25:57,IMPS
TXN-00209,A-0358,A-0372,32647.22,2023-12-04 11:50:54,NEFT
TXN-00210,A-0211,A-0391,25100.66,2024-07-26 19:19:40,IMPS
TXN-00211,A-0387,A-0054,22945.57,2024-05-21 10:39:02,NEFT
TXN-00212,A-0231,A-0085,11748.11,2025-02-25 03:27:17,IMPS
TXN-00213,A-0237,A-0014,3757.2,2025-12-14 20:18:14,NEFT
TXN-00214,A-0196,A-0176,33695.11,2023-10-29 23:53:27,NEFT
TXN-00215,A-0020,A-0006,11651.96,2023-08-01 00:21:52,UPI
TXN-00216,A-0344,A-0384,21158.93,2024-12-17 16:38:08,IMPS
TXN-00217,A-0043,A-0281,29737.51,2024-11-10 23:31:14,RTGS
TXN-00218,A-0242,A-0421,12921.81,2023-09-08 16:10:49,RTGS
TXN-00219,A-0430,A-0010,27510.99,2023-10-03 07:51:34,UPI
TXN-00220,A-0064,A-0274,33494.37,2023-09-19 16:23:49,IMPS
TXN-00221,A-0344,A-0391,998.87,2024-02-29 11:34:58,RTGS
TXN-00222,A-0226,A-0184,8418.34,2023-02-23 12:11:48,RTGS
TXN-00223,A-0227,A-0357,2625.14,2025-09-13 02:42:06,IMPS
TXN-00224,A-0200,A-0354,14220.43,2023-03-23 10:10:56,IMPS
TXN-00225,A-0025,A-0396,17294.1,2023-11-10 09:20:22,RTGS
TXN-00226,A-0192,A-0466,11115.04,2023-05-22 23:07:59,IMPS
TXN-00227,A-0216,A-0015,44523.43,2024-06-07 16:37:09,RTGS
TXN-00228,A-0349,A-0343,3311.13,2023-05-31 01:37:42,RTGS
TXN-00229,A-0371,A-0086,2458.56,2025-03-07 03:23:19,IMPS
TXN-00230,A-0418,A-0168,14859.24,2025-08-31 16:17:31,RTGS
TXN-00231,A-0320,A-0107,42077.57,2024-09-05 17:03:01,NEFT
TXN-00232,A-0062,A-0119,10013.21,2024-07-07 22:07:44,UPI
TXN-00233,A-0089,A-0008,18395.21,2024-05-06 06:17:24,IMPS
TXN-00234,A-0200,A-0109,20915.53,2023-04-13 13:15:55,UPI
TXN-00235,A-0333,A-0320,16919.61,2023-04-15 14:17:29,RTGS
TXN-00236,A-0211,A-0155,34655.76,2025-02-15 01:32:38,IMPS
TXN-00237,A-0365,A-0275,35711.06,2025-06-03 05:30:10,RTGS
TXN-00238,A-0129,A-0492,4716.13,2024-05-18 20:48:15,NEFT
TXN-00239,A-0348,A-0474,43770.32,2025-12-13 15:47:02,RTGS
TXN-00240,A-0171,A-0090,28773.23,2025-12-04 04:31:18,UPI
TXN-00241,A-0436,A-0342,21954.8,2024-06-04 13:37:41,IMPS
TXN-00242,A-0312,A-0467,26534.14,2024-08-16 23:50:20,RTGS
TXN-00243,A-0258,A-0301,31856.0,2023-01-21 15:32:59,RTGS
TXN-00244,A-0011,A-0316,34272.88,2023-07-12 17:08:56,UPI
TXN-00245,A-0122,A-0378,19568.16,2024-01-14 08:02:34,IMPS
TXN-00246,A-0031,A-0071,17166.3,2024-04-05 18:35:55,RTGS
TXN-00247,A-0078,A-0193,9595.15,2023-02-28 21:15:53,RTGS
TXN-00248,A-0473,A-0372,27114.35,2024-11-20 07:18:42,UPI
TXN-00249,A-0069,A-0143,14630.47,2023-03-03 12:40:25,NEFT
TXN-00250,A-0332,A-0417,13336.25,2023-02-06 19:21:05,RTGS
TXN-00251,A-0434,A-0376,15241.53,2024-01-12 07:41:48,RTGS
TXN-00252,A-0277,A-0028,40845.13,2025-10-30 01:13:16,RTGS
TXN-00253,A-0411,A-0352,31484.37,2023-12-12 13:18:55,NEFT
TXN-00254,A-0267,A-0165,8667.77,2025-09-05 07:59:38,IMPS
TXN-00255,A-0034,A-0446,22378.08,2023-10-26 23:37:55,IMPS
TXN-00256,A-0325,A-0073,42253.22,2023-07-15 01:15:12,IMPS
TXN-00257,A-0089,A-0304,24923.7,2023-11-14 11:35:24,RTGS
TXN-00258,A-0260,A-0041,19467.67,2024-12-26 13:47:24,UPI
TXN-00259,A-0085,A-0370,9290.36,2024-10-20 16:29:28,RTGS
TXN-00260,A-0311,A-0128,13987.98,2025-06-14 10:33:48,NEFT
TXN-00261,A-0326,A-0104,12597.8,2025-01-17 11:20:39,IMPS
TXN-00262,A-0487,A-0185,18221.88,2023-09-18 14:46:16,NEFT
TXN-00263,A-0226,A-0217,22985.52,2024-11-04 07:27:35,RTGS
TXN-00264,A-0420,A-0489,35813.36,2023-01-31 18:36:37,NEFT
TXN-00265,A-0219,A-0438,4203.86,2024-04-11 09:26:36,RTGS
TXN-00266,A-0284,A-0373,8318.62,2024-08-14 00:12:46,NEFT
TXN-00267,A-0157,A-0233,13103.55,2025-05-23 06:10:35,NEFT
TXN-00268,A-0037,A-0171,6581.21,2024-12-29 23:13:27,RTGS
TXN-00269,A-0080,A-0470,8938.35,2023-01-20 22:29:46,UPI
TXN-00270,A-0252,A-0208,41693.25,2024-09-05 01:36:25,UPI
TXN-00271,A-0197,A-0251,14197.58,2025-07-02 21:44:58,IMPS
TXN-00272,A-0210,A-0454,2227.8,2023-07-13 08:51:28,NEFT
TXN-00273,A-0478,A-0290,7725.13,2024-11-08 18:21:58,UPI
TXN-00274,A-0395,A-0468,33945.19,2024-06-25 11:57:19,NEFT
TXN-00275,A-0326,A-0353,16884.03,2023-03-31 15:23:02,NEFT
TXN-00276,A-0475,A-0218,33237.06,2024-01-12 11:34:11,NEFT
TXN-00277,A-0018,A-0472,36684.13,2025-09-07 03:37:19,IMPS
TXN-00278,A-0358,A-0341,29217.34,2024-02-10 23:06:52,NEFT
TXN-00279,A-0484,A-0349,7057.85,2024-01-20 08:17:32,RTGS
TXN-00280,A-0007,A-0060,34808.26,2025-09-28 00:52:33,NEFT
TXN-00281,A-0204,A-0362,26584.14,2023-05-05 19:36:08,RTGS
TXN-00282,A-0449,A-0217,7879.15,2024-10-25 02:55:19,UPI
TXN-00283,A-0355,A-0155,22778.78,2025-04-08 07:11:08,NEFT
TXN-00284,A-0301,A-0158,33160.04,2023-05-19 01:26:31,IMPS
TXN-00285,A-0326,A-0294,35062.75,2024-06-18 23:53:40,RTGS
TXN-00286,A-0138,A-0384,9823.89,2024-09-10 05:24:18,UPI
TXN-00287,A-0004,A-0087,36829.33,2023-01-03 10:51:13,IMPS
TXN-00288,A-0036,A-0397,31486.09,2025-03-26 12:00:05,NEFT
TXN-00289,A-0336,A-0148,33120.38,2023-09-23 01:42:22,RTGS
TXN-00290,A-0192,A-0096,31830.1,2023-11-04 14:44:25,NEFT
TXN-00291,A-0094,A-0258,42707.51,2024-12-01 01:51:06,RTGS
TXN-00292,A-0096,A-0103,3124.7,2023-10-11 20:38:44,RTGS
TXN-00293,A-0133,A-0462,39286.89,2024-11-15 15:37:19,IMPS
TXN-00294,A-0445,A-0326,7892.61,2024-03-31 08:30:50,IMPS
TXN-00295,A-0194,A-0064,12815.92,2024-06-15 12:20:53,IMPS
TXN-00296,A-0300,A-0121,21766.42,2025-11-11 03:58:23,IMPS
TXN-00297,A-0005,A-0032,12340.59,2023-01-12 05:25:45,IMPS
TXN-00298,A-0050,A-0109,23743.89,2023-01-12 06:44:43,NEFT
TXN-00299,A-0309,A-0267,44416.91,2024-02-17 23:04:36,NEFT
TXN-00300,A-0243,A-0388,15497.83,2024-10-29 03:11:29,UPI
TXN-00301,A-0190,A-0350,40111.77,2024-05-04 16:23:42,RTGS
TXN-00302,A-0482,A-0185,30095.98,2024-08-10 21:06:19,IMPS
TXN-00303,A-0183,A-0448,15196.36,2023-06-05 14:52:58,IMPS
TXN-00304,A-0234,A-0446,31574.72,2023-08-04 17:11:20,IMPS
TXN-00305,A-0309,A-0063,39170.74,2024-03-10 03:18:16,RTGS
TXN-00306,A-0189,A-0232,28016.65,2025-10-20 12:40:53,NEFT
TXN-00307,A-0264,A-0212,29880.16,2023-01-05 20:39:41,UPI
TXN-00308,A-0009,A-0325,16529.15,2023-03-13 01:50:35,UPI
TXN-00309,A-0348,A-0228,10893.36,2025-01-22 16:49:00,NEFT
TXN-00310,A-0379,A-0314,35831.24,2024-06-25 02:49:52,NEFT
TXN-00311,A-0481,A-0477,42395.75,2025-01-09 15:06:41,IMPS
TXN-00312,A-0376,A-0198,13576.9,2023-10-31 00:59:45,RTGS
TXN-00313,A-0446,A-0267,39492.41,2025-02-22 22:13:00,IMPS
TXN-00314,A-0066,A-0255,35958.52,2024-04-13 03:04:44,NEFT
TXN-00315,A-0087,A-0459,20359.76,2023-06-29 16:48:44,NEFT
TXN-00316,A-0340,A-0277,11220.12,2023-11-25 18:32:30,RTGS
TXN-00317,A-0386,A-0484,29858.66,2023-05-19 22:15:35,IMPS
TXN-00318,A-0223,A-0367,1800.37,2024-05-22 04:49:54,NEFT
TXN-00319,A-0393,A-0144,10306.73,2024-02-05 05:05:17,NEFT
TXN-00320,A-0488,A-0460,30341.76,2025-10-30 18:45:26,RTGS
TXN-00321,A-0473,A-0274,28692.89,2025-02-03 05:33:10,IMPS
TXN-00322,A-0408,A-0355,15309.65,2023-12-14 16:06:01,IMPS
TXN-00323,A-0330,A-0176,17276.96,2024-08-15 20:57:43,NEFT
TXN-00324,A-0414,A-0120,10448.01,2023-06-29 17:14:04,UPI
TXN-00325,A-0045,A-0058,4466.7,2025-07-08 22:50:03,RTGS
TXN-00326,A-0382,A-0483,5666.73,2024-07-25 06:13:48,RTGS
TXN-00327,A-0437,A-0161,42956.05,2025-06-15 05:01:07,IMPS
TXN-00328,A-0160,A-0032,26757.66,2023-10-22 22:24:25,NEFT
TXN-00329,A-0217,A-0164,34822.0,2025-11-21 06:13:13,RTGS
TXN-00330,A-0267,A-0340,27271.98,2023-12-12 02:02:15,IMPS
TXN-00331,A-0203,A-0005,24454.04,2024-12-16 12:30:57,UPI
TXN-00332,A-0075,A-0418,42458.6,2023-12-07 01:20:29,NEFT
TXN-00333,A-0349,A-0234,7060.43,2024-03-16 05:39:01,RTGS
TXN-00334,A-0383,A-0341,38286.17,2025-12-28 00:30:08,IMPS
TXN-00335,A-0307,A-0164,14245.67,2025-12-05 16:52:07,IMPS
TXN-00336,A-0141,A-0435,31940.24,2025-01-12 23:40:23,RTGS
TXN-00337,A-0254,A-0150,31834.25,2024-08-08 04:42:56,IMPS
TXN-00338,A-0415,A-0171,7295.25,2023-11-24 04:13:29,RTGS
TXN-00339,A-0359,A-0377,2839.2,2023-10-06 02:21:28,NEFT
TXN-00340,A-0373,A-0201,13810.03,2025-10-21 02:37:58,RTGS
TXN-00341,A-0012,A-0281,17956.71,2024-10-18 05:36:37,NEFT
TXN-00342,A-0179,A-0388,17915.64,2023-04-22 13:45:49,UPI
TXN-00343,A-0145,A-0357,41576.34,2025-12-25 03:13:32,NEFT
TXN-00344,A-0050,A-0068,14892.13,2025-06-20 14:16:18,IMPS
TXN-00345,A-0436,A-0479,32076.65,2024-12-11 18:02:52,RTGS
TXN-00346,A-0296,A-0071,20163.83,2025-01-19 10:43:51,UPI
TXN-00347,A-0460,A-0075,9834.6,2023-10-31 22:32:58,IMPS
TXN-00348,A-0186,A-0372,38598.29,2023-06-08 08:53:27,RTGS
TXN-00349,A-0193,A-0487,44230.17,2025-11-21 11:33:19,RTGS
TXN-00350,A-0475,A-0029,4774.12,2025-01-06 03:22:07,RTGS
TXN-00351,A-0484,A-0027,5721.93,2025-03-11 16:48:58,UPI
TXN-00352,A-0304,A-0223,43652.85,2025-08-31 23:13:50,NEFT
TXN-00353,A-0126,A-0018,5786.71,2024-09-08 03:59:23,NEFT
TXN-00354,A-0155,A-0353,27028.92,2023-09-25 22:46:53,NEFT
TXN-00355,A-0398,A-0355,44606.8,2025-11-07 22:50:47,IMPS
TXN-00356,A-0399,A-0238,38987.86,2025-10-07 05:20:56,NEFT
TXN-00357,A-0141,A-0324,29567.2,2024-07-24 14:47:46,IMPS
TXN-00358,A-0062,A-0060,4177.35,2025-01-29 23:23:07,RTGS
TXN-00359,A-0012,A-0301,25997.69,2025-06-08 13:12:53,NEFT
TXN-00360,A-0141,A-0356,33668.49,2025-07-10 00:07:53,RTGS
TXN-00361,A-0197,A-0248,44997.96,2025-12-27 15:56:01,NEFT
TXN-00362,A-0153,A-0293,6073.02,2024-05-20 05:24:54,IMPS
TXN-00363,A-0366,A-0466,38868.37,2025-04-14 23:51:54,RTGS
TXN-00364,A-0208,A-0417,31683.01,2024-09-03 17:47:57,NEFT
TXN-00365,A-0033,A-0266,37752.91,2025-04-17 06:41:50,IMPS
TXN-00366,A-0386,A-0107,43472.81,2023-07-02 06:13:58,RTGS
TXN-00367,A-0442,A-0307,31437.11,2023-01-09 06:29:35,NEFT
TXN-00368,A-0410,A-0161,5975.52,2023-07-20 02:36:29,RTGS
TXN-00369,A-0335,A-0083,4408.03,2024-02-03 20:43:28,IMPS
TXN-00370,A-0044,A-0064,23023.6,2024-07-18 18:29:08,RTGS
TXN-00371,A-0217,A-0484,29788.09,2024-01-21 18:40:39,UPI
TXN-00372,A-0024,A-0485,42587.86,2024-03-31 18:37:35,NEFT
TXN-00373,A-0072,A-0296,22324.71,2024-05-01 03:06:05,UPI
TXN-00374,A-0311,A-0276,23221.27,2025-12-04 15:54:03,IMPS
TXN-00375,A-0340,A-0420,2490.73,2023-02-27 01:32:27,RTGS
TXN-00376,A-0073,A-0154,38595.79,2023-12-01 07:43:11,RTGS
TXN-00377,A-0309,A-0283,10113.78,2024-07-11 18:55:10,UPI
TXN-00378,A-0066,A-0374,28192.92,2023-04-26 12:19:44,UPI
TXN-00379,A-0134,A-0196,29414.72,2023-09-11 16:59:15,NEFT
TXN-00380,A-0234,A-0043,42540.95,2025-11-16 22:42:18,NEFT
TXN-00381,A-0482,A-0356,6874.36,2023-11-13 12:49:53,IMPS
TXN-00382,A-0323,A-0376,12488.29,2025-09-10 12:25:06,RTGS
TXN-00383,A-0366,A-0191,25582.08,2025-10-03 06:39:26,RTGS
TXN-00384,A-0215,A-0421,7330.37,2024-11-04 14:47:28,NEFT
TXN-00385,A-0014,A-0310,11513.65,2024-02-24 14:59:55,IMPS
TXN-00386,A-0273,A-0057,30937.08,2024-09-23 21:54:17,IMPS
TXN-00387,A-0169,A-0328,4459.35,2024-06-02 02:25:40,UPI
TXN-00388,A-0075,A-0445,36015.33,2024-03-01 02:17:30,IMPS
TXN-00389,A-0051,A-0194,44087.09,2023-12-12 05:10:11,NEFT
TXN-00390,A-0488,A-0054,35331.65,2023-07-11 20:32:38,RTGS
TXN-00391,A-0270,A-0373,39460.28,2025-07-03 17:03:48,NEFT
TXN-00392,A-0049,A-0271,16026.06,2025-06-07 19:35:56,UPI
TXN-00393,A-0283,A-0139,27532.28,2023-03-16 12:12:03,RTGS
TXN-00394,A-0163,A-0485,33958.34,2023-10-08 15:57:30,UPI
TXN-00395,A-0413,A-0380,30662.63,2025-04-05 22:32:48,NEFT
TXN-00396,A-0245,A-0304,6176.96,2023-01-15 18:05:28,RTGS
TXN-00397,A-0337,A-0065,6848.82,2025-05-31 16:11:57,UPI
TXN-00398,A-0028,A-0471,32781.16,2024-07-29 00:13:05,RTGS
TXN-00399,A-0348,A-0312,19111.85,2024-12-12 03:31:16,RTGS
TXN-00400,A-0225,A-0182,36031.87,2025-02-19 04:27:48,UPI
TXN-00401,A-0142,A-0488,19535.55,2023-12-22 08:56:38,UPI
TXN-00402,A-0326,A-0440,4368.93,2024-04-19 19:53:12,NEFT
TXN-00403,A-0395,A-0161,38113.43,2025-09-12 22:27:42,IMPS
TXN-00404,A-0040,A-0374,11181.63,2023-05-26 10:54:50,RTGS
TXN-00405,A-0295,A-0030,4264.04,2024-03-20 01:17:33,NEFT
TXN-00406,A-0414,A-0448,975.91,2024-10-20 15:15:18,RTGS
TXN-00407,A-0246,A-0255,23418.01,2025-11-17 07:58:10,IMPS
TXN-00408,A-0208,A-0008,27924.75,2023-01-12 07:48:01,NEFT
TXN-00409,A-0360,A-0274,33860.22,2024-01-15 09:24:51,IMPS
TXN-00410,A-0311,A-0230,43426.81,2025-11-13 20:00:32,RTGS
TXN-00411,A-0090,A-0039,16833.77,2023-07-27 02:29:06,UPI
TXN-00412,A-0488,A-0027,19311.14,2024-08-11 21:40:38,RTGS
TXN-00413,A-0192,A-0058,15539.16,2025-11-20 21:18:36,RTGS
TXN-00414,A-0426,A-0277,38359.58,2023-07-03 02:20:26,UPI
TXN-00415,A-0154,A-0248,13562.75,2023-11-27 23:40:27,IMPS
TXN-00416,A-0378,A-0324,25813.47,2023-12-04 19:36:55,UPI
TXN-00417,A-0476,A-0478,43181.5,2025-03-11 20:18:52,IMPS
TXN-00418,A-0479,A-0238,40215.98,2025-01-28 11:53:35,IMPS
TXN-00419,A-0183,A-0004,27891.1,2024-05-25 09:17:56,UPI
TXN-00420,A-0182,A-0055,729.37,2023-10-17 04:27:44,NEFT
TXN-00421,A-0182,A-0005,5009.53,2025-02-03 08:48:32,RTGS
TXN-00422,A-0044,A-0271,23387.18,2023-08-27 18:44:56,NEFT
TXN-00423,A-0064,A-0468,22189.84,2023-08-30 18:19:18,UPI
TXN-00424,A-0116,A-0241,18093.47,2024-04-09 22:09:06,UPI
TXN-00425,A-0220,A-0457,8607.1,2024-02-23 15:00:18,IMPS
TXN-00426,A-0225,A-0337,37851.41,2023-09-09 09:37:12,RTGS
TXN-00427,A-0182,A-0383,19811.23,2024-07-12 01:18:59,RTGS
TXN-00428,A-0057,A-0098,13178.04,2023-07-27 15:57:50,NEFT
TXN-00429,A-0216,A-0381,15239.0,2023-02-19 02:22:38,RTGS
TXN-00430,A-0342,A-0102,42702.72,2025-10-30 10:03:09,UPI
TXN-00431,A-0061,A-0216,22263.52,2025-02-08 20:05:56,RTGS
TXN-00432,A-0167,A-0385,34515.48,2024-09-13 04:27:31,NEFT
TXN-00433,A-0068,A-0057,43116.7,2023-02-02 20:36:41,RTGS
TXN-00434,A-0080,A-0177,22750.04,2025-11-29 05:41:08,RTGS
TXN-00435,A-0027,A-0348,37427.69,2024-10-29 11:04:26,IMPS
TXN-00436,A-0223,A-0246,13381.26,2025-01-24 20:45:19,IMPS
TXN-00437,A-0390,A-0220,11524.75,2023-08-25 21:27:09,RTGS
TXN-00438,A-0128,A-0144,34619.38,2024-02-14 09:08:15,RTGS
TXN-00439,A-0342,A-0421,19597.57,2025-01-06 04:00:18,IMPS
TXN-00440,A-0359,A-0374,22853.86,2023-10-09 11:11:15,RTGS
TXN-00441,A-0438,A-0303,28486.4,2023-08-20 00:54:39,RTGS
TXN-00442,A-0062,A-0068,18357.1,2024-03-01 10:18:06,RTGS
TXN-00443,A-0476,A-0075,19470.48,2025-08-15 15:34:08,RTGS
TXN-00444,A-0047,A-0443,2767.51,2024-09-24 17:08:23,UPI
TXN-00445,A-0359,A-0325,44115.53,2023-12-11 12:22:48,UPI
TXN-00446,A-0219,A-0246,3230.06,2024-10-25 10:25:44,IMPS
TXN-00447,A-0156,A-0057,12481.45,2024-03-11 19:53:00,UPI
TXN-00448,A-0365,A-0215,11490.1,2023-03-15 21:01:51,RTGS
TXN-00449,A-0021,A-0001,2819.81,2024-05-14 15:35:37,RTGS
TXN-00450,A-0147,A-0242,12967.09,2025-07-31 04:46:21,IMPS
TXN-00451,A-0221,A-0095,11725.71,2025-02-02 04:28:57,UPI
TXN-00452,A-0172,A-0156,5463.02,2025-11-05 04:10:19,IMPS
TXN-00453,A-0350,A-0283,34785.63,2023-07-22 10:14:15,UPI
TXN-00454,A-0185,A-0380,36546.57,2025-07-03 20:11:46,UPI
TXN-00455,A-0122,A-0333,12779.64,2025-06-26 17:17:51,NEFT
TXN-00456,A-0045,A-0455,5233.27,2025-09-04 23:38:48,IMPS
TXN-00457,A-0022,A-0301,43590.69,2025-10-13 12:07:42,RTGS
TXN-00458,A-0099,A-0361,20336.76,2023-06-03 05:28:09,IMPS
TXN-00459,A-0483,A-0280,28045.96,2024-04-13 07:51:19,NEFT
TXN-00460,A-0390,A-0104,24243.31,2023-08-27 17:19:14,IMPS
TXN-00461,A-0066,A-0099,19110.46,2024-01-28 06:49:59,UPI
TXN-00462,A-0459,A-0188,20457.46,2023-07-02 10:04:04,NEFT
TXN-00463,A-0035,A-0248,19145.69,2025-02-21 17:36:49,IMPS
TXN-00464,A-0086,A-0307,12699.61,2023-07-20 07:01:00,UPI
TXN-00465,A-0024,A-0490,25694.78,2025-12-13 18:51:47,RTGS
TXN-00466,A-0380,A-0418,18188.48,2025-11-29 15:15:10,IMPS
TXN-00467,A-0085,A-0225,33907.39,2024-08-19 18:09:56,NEFT
TXN-00468,A-0206,A-0311,12581.49,2023-10-13 22:29:26,IMPS
TXN-00469,A-0082,A-0293,10192.44,2025-12-18 07:40:10,IMPS
TXN-00470,A-0451,A-0476,35683.79,2024-12-08 12:04:14,UPI
TXN-00471,A-0156,A-0437,10304.97,2024-02-22 02:57:06,IMPS
TXN-00472,A-0088,A-0115,2529.75,2024-01-06 01:21:54,UPI
TXN-00473,A-0021,A-0328,7092.21,2024-03-07 11:30:46,RTGS
TXN-00474,A-0139,A-0448,35682.65,2025-09-24 22:53:49,RTGS
TXN-00475,A-0422,A-0108,24289.47,2023-01-03 04:11:39,UPI
TXN-00476,A-0324,A-0310,43763.73,2024-05-19 04:32:37,IMPS
TXN-00477,A-0485,A-0362,39837.39,2024-02-15 04:03:24,RTGS
TXN-00478,A-0210,A-0460,27710.95,2024-05-19 07:16:30,IMPS
TXN-00479,A-0321,A-0418,963.16,2024-07-06 05:22:21,RTGS
TXN-00480,A-0375,A-0144,8364.72,2023-01-25 07:02:42,IMPS
TXN-00481,A-0370,A-0382,31121.13,2025-10-12 16:21:08,UPI
TXN-00482,A-0446,A-0321,28726.6,2025-05-05 18:12:47,RTGS
TXN-00483,A-0419,A-0227,10318.44,2024-02-22 13:20:53,RTGS
TXN-00484,A-0298,A-0323,36444.12,2024-09-06 07:56:40,RTGS
TXN-00485,A-0229,A-0119,32976.63,2024-11-05 01:05:50,UPI
TXN-00486,A-0076,A-0462,21815.81,2025-02-09 10:46:22,RTGS
TXN-00487,A-0236,A-0095,36794.11,2023-10-01 13:52:38,RTGS
TXN-00488,A-0292,A-0252,42479.3,2023-10-08 06:02:49,UPI
TXN-00489,A-0011,A-0159,7749.88,2023-10-04 02:24:49,NEFT
TXN-00490,A-0352,A-0312,8859.24,2023-08-11 22:54:05,IMPS
TXN-00491,A-0219,A-0126,20748.58,2025-09-29 03:46:13,NEFT
TXN-00492,A-0052,A-0371,23941.65,2023-01-19 07:30:29,IMPS
TXN-00493,A-0194,A-0197,1421.86,2023-01-22 01:15:26,IMPS
TXN-00494,A-0068,A-0128,34770.23,2024-02-20 18:57:24,RTGS
TXN-00495,A-0481,A-0322,27183.85,2023-01-15 14:18:52,IMPS
TXN-00496,A-0278,A-0377,36912.36,2023-05-12 23:43:55,RTGS
TXN-00497,A-0072,A-0246,34305.39,2024-11-21 05:40:52,RTGS
TXN-00498,A-0158,A-0170,21811.42,2024-01-14 17:51:11,IMPS
TXN-00499,A-0279,A-0355,12401.82,2025-04-24 11:21:29,IMPS
TXN-00500,A-0011,A-0423,2481.4,2025-04-26 01:43:45,UPI
TXN-00501,A-0053,A-0262,39947.33,2024-10-07 02:56:05,RTGS
TXN-00502,A-0001,A-0468,10481.92,2023-12-19 03:03:42,NEFT
TXN-00503,A-0198,A-0076,16222.29,2024-03-21 14:24:06,RTGS
TXN-00504,A-0472,A-0451,30956.58,2025-12-02 20:30:10,IMPS
TXN-00505,A-0252,A-0087,44589.18,2023-12-15 18:48:14,IMPS
TXN-00506,A-0490,A-0145,16400.2,2025-08-14 10:50:21,UPI
TXN-00507,A-0061,A-0185,41587.72,2023-05-12 17:44:01,IMPS
TXN-00508,A-0310,A-0078,8424.02,2025-04-04 01:45:06,UPI
TXN-00509,A-0308,A-0093,30734.78,2023-08-22 08:36:31,UPI
TXN-00510,A-0320,A-0419,13271.75,2023-06-11 10:30:50,UPI
TXN-00511,A-0470,A-0256,29947.06,2024-02-17 06:51:55,IMPS
TXN-00512,A-0404,A-0002,38846.27,2023-08-19 21:48:38,RTGS
TXN-00513,A-0164,A-0076,17881.68,2025-01-13 05:14:17,IMPS
TXN-00514,A-0058,A-0296,19521.67,2024-03-08 14:20:35,RTGS
TXN-00515,A-0047,A-0166,44767.34,2023-10-10 12:41:31,NEFT
TXN-00516,A-0181,A-0164,22492.19,2025-01-17 15:44:15,NEFT
TXN-00517,A-0309,A-0407,28828.89,2023-08-03 17:15:45,RTGS
TXN-00518,A-0197,A-0215,24945.6,2025-04-16 21:57:10,NEFT
TXN-00519,A-0273,A-0275,37052.49,2024-08-20 11:56:36,IMPS
TXN-00520,A-0298,A-0367,19271.91,2025-06-16 16:47:42,RTGS
TXN-00521,A-0360,A-0045,10966.09,2023-01-05 10:51:22,RTGS
TXN-00522,A-0436,A-0009,16626.73,2025-01-06 05:15:17,RTGS
TXN-00523,A-0472,A-0057,3151.19,2024-06-26 16:37:12,UPI
TXN-00524,A-0435,A-0444,35149.79,2023-08-05 11:19:03,UPI
TXN-00525,A-0236,A-0074,37668.73,2025-05-06 17:25:28,NEFT
TXN-00526,A-0125,A-0108,37338.07,2023-03-28 18:49:22,RTGS
TXN-00527,A-0061,A-0493,31462.24,2023-08-11 06:16:53,NEFT
TXN-00528,A-0376,A-0014,31477.45,2024-10-21 18:17:22,UPI
TXN-00529,A-0028,A-0360,5217.44,2025-06-22 11:53:00,IMPS
TXN-00530,A-0245,A-0429,26929.69,2023-09-03 17:07:27,IMPS
TXN-00531,A-0076,A-0188,6786.85,2024-01-16 15:58:11,IMPS
TXN-00532,A-0007,A-0292,37482.53,2024-10-09 00:03:15,RTGS
TXN-00533,A-0392,A-0094,21404.53,2023-08-06 15:46:07,UPI
TXN-00534,A-0241,A-0211,32653.81,2024-11-20 16:32:12,IMPS
TXN-00535,A-0147,A-0057,7436.99,2025-09-25 00:25:54,IMPS
TXN-00536,A-0310,A-0385,8224.32,2023-09-07 02:14:10,IMPS
TXN-00537,A-0203,A-0427,19351.12,2024-12-06 17:24:05,UPI
TXN-00538,A-0471,A-0293,22833.32,2023-12-20 02:54:43,NEFT
TXN-00539,A-0477,A-0081,12596.33,2023-05-23 19:38:31,NEFT
TXN-00540,A-0487,A-0065,33569.5,2024-09-14 00:05:03,IMPS
TXN-00541,A-0113,A-0201,8674.37,2025-05-18 20:00:08,IMPS
TXN-00542,A-0419,A-0355,21345.41,2024-05-01 12:33:24,NEFT
TXN-00543,A-0424,A-0195,7834.68,2024-07-31 01:42:31,NEFT
TXN-00544,A-0100,A-0139,5323.84,2023-05-01 20:54:50,UPI
TXN-00545,A-0309,A-0399,38174.11,2023-02-13 13:44:14,RTGS
TXN-00546,A-0145,A-0084,24599.77,2023-04-12 11:16:30,RTGS
TXN-00547,A-0306,A-0006,34165.2,2024-04-25 04:49:59,RTGS
TXN-00548,A-0283,A-0104,28908.31,2023-02-20 06:43:17,RTGS
TXN-00549,A-0138,A-0044,43961.51,2025-05-27 09:09:05,IMPS
TXN-00550,A-0289,A-0405,22029.41,2023-03-16 15:23:34,UPI
TXN-00551,A-0048,A-0484,14232.92,2024-07-08 00:50:37,UPI
TXN-00552,A-0491,A-0204,22759.62,2024-05-03 12:22:56,NEFT
TXN-00553,A-0372,A-0183,43836.36,2025-12-27 12:56:40,IMPS
TXN-00554,A-0170,A-0209,40394.75,2025-02-21 06:45:49,IMPS
TXN-00555,A-0258,A-0414,34990.18,2023-02-06 19:03:08,NEFT
TXN-00556,A-0245,A-0301,39162.15,2023-02-28 02:40:55,UPI
TXN-00557,A-0083,A-0078,30865.64,2023-05-03 08:07:09,IMPS
TXN-00558,A-0488,A-0368,10804.87,2023-12-01 23:54:36,RTGS
TXN-00559,A-0394,A-0368,7666.59,2025-02-18 05:44:45,UPI
TXN-00560,A-0230,A-0403,6338.29,2024-03-27 19:21:37,UPI
TXN-00561,A-0320,A-0439,42336.28,2023-03-04 03:47:20,NEFT
TXN-00562,A-0123,A-0107,44866.92,2025-07-31 18:00:58,IMPS
TXN-00563,A-0491,A-0079,25727.09,2025-02-11 20:59:43,IMPS
TXN-00564,A-0413,A-0008,6846.7,2024-04-25 20:34:25,IMPS
TXN-00565,A-0256,A-0049,20738.95,2023-09-21 15:31:55,UPI
TXN-00566,A-0083,A-0035,12965.22,2024-07-18 09:51:34,UPI
TXN-00567,A-0046,A-0037,8473.79,2024-12-16 17:40:30,UPI
TXN-00568,A-0243,A-0132,34460.01,2024-11-17 16:38:47,RTGS
TXN-00569,A-0482,A-0064,43739.79,2025-01-28 11:36:53,IMPS
TXN-00570,A-0187,A-0440,13254.82,2024-09-27 09:51:50,RTGS
TXN-00571,A-0226,A-0188,23305.33,2025-08-28 07:57:55,UPI
TXN-00572,A-0192,A-0043,30857.94,2025-02-24 22:54:03,NEFT
TXN-00573,A-0135,A-0450,39461.37,2025-11-26 07:31:00,IMPS
TXN-00574,A-0318,A-0330,3039.11,2024-01-16 07:25:52,IMPS
TXN-00575,A-0080,A-0437,5185.76,2024-08-06 19:38:53,RTGS
TXN-00576,A-0292,A-0205,38495.4,2023-12-13 11:57:17,NEFT
TXN-00577,A-0448,A-0237,30277.2,2024-06-26 01:21:00,NEFT
TXN-00578,A-0240,A-0329,24312.65,2024-12-23 02:58:33,IMPS
TXN-00579,A-0044,A-0093,33064.13,2024-09-08 15:10:39,NEFT
TXN-00580,A-0103,A-0206,15128.07,2024-05-07 21:14:13,UPI
TXN-00581,A-0310,A-0249,9962.27,2025-01-09 18:44:55,IMPS
TXN-00582,A-0143,A-0233,2203.56,2023-08-30 22:26:58,NEFT
TXN-00583,A-0075,A-0328,9999.42,2025-06-01 16:16:35,IMPS
TXN-00584,A-0308,A-0397,17422.67,2024-07-15 13:25:36,NEFT
TXN-00585,A-0243,A-0110,2906.45,2023-02-05 15:22:01,NEFT
TXN-00586,A-0139,A-0130,28788.08,2023-05-10 20:30:32,RTGS
TXN-00587,A-0036,A-0141,18525.55,2024-04-08 10:48:07,NEFT
TXN-00588,A-0447,A-0215,23852.62,2025-11-06 06:09:09,UPI
TXN-00589,A-0095,A-0426,2891.53,2024-10-27 16:54:59,UPI
TXN-00590,A-0386,A-0153,7821.73,2024-06-26 13:57:45,NEFT
TXN-00591,A-0247,A-0244,24330.03,2023-09-07 14:55:33,NEFT
TXN-00592,A-0182,A-0468,31334.11,2024-08-27 12:06:53,IMPS
TXN-00593,A-0288,A-0401,40273.18,2023-11-05 10:51:09,IMPS
TXN-00594,A-0371,A-0342,26242.78,2023-08-13 15:43:17,UPI
TXN-00595,A-0341,A-0422,42284.12,2024-05-06 16:32:43,IMPS
TXN-00596,A-0078,A-0460,20910.33,2023-08-18 02:41:54,NEFT
TXN-00597,A-0443,A-0163,5555.51,2025-11-12 22:30:08,NEFT
TXN-00598,A-0135,A-0267,32641.73,2024-11-30 22:03:20,RTGS
TXN-00599,A-0325,A-0231,28931.78,2025-06-17 11:27:29,IMPS
TXN-00600,A-0019,A-0112,33683.99,2023-10-19 12:21:28,NEFT
TXN-00601,A-0357,A-0280,34960.11,2025-07-22 12:47:32,NEFT
TXN-00602,A-0111,A-0179,9834.46,2023-10-24 22:55:26,IMPS
TXN-00603,A-0190,A-0417,16688.85,2024-04-14 01:18:20,UPI
TXN-00604,A-0258,A-0420,39115.24,2025-12-22 08:25:58,NEFT
TXN-00605,A-0333,A-0234,18925.39,2024-06-30 09:24:24,UPI
TXN-00606,A-0425,A-0278,19450.29,2024-06-05 16:31:25,IMPS
TXN-00607,A-0475,A-0091,20917.65,2024-08-02 14:58:38,RTGS
TXN-00608,A-0284,A-0305,7738.24,2024-11-08 02:38:28,NEFT
TXN-00609,A-0146,A-0433,29852.45,2025-11-22 18:44:42,NEFT
TXN-00610,A-0325,A-0146,31743.12,2023-06-04 03:22:42,IMPS
TXN-00611,A-0413,A-0429,5119.64,2025-10-06 03:45:36,IMPS
TXN-00612,A-0316,A-0478,18801.95,2025-02-10 03:19:01,IMPS
TXN-00613,A-0325,A-0228,22899.59,2023-02-20 16:44:27,UPI
TXN-00614,A-0437,A-0216,9928.27,2024-12-07 05:49:49,NEFT
TXN-00615,A-0059,A-0101,38607.25,2023-07-13 07:28:49,UPI
TXN-00616,A-0407,A-0468,21145.65,2025-09-28 18:06:05,NEFT
TXN-00617,A-0004,A-0482,17171.65,2023-12-14 20:57:41,UPI
TXN-00618,A-0138,A-0451,29811.34,2024-04-22 12:34:44,NEFT
TXN-00619,A-0345,A-0124,685.01,2024-10-05 23:47:33,IMPS
TXN-00620,A-0008,A-0014,7325.2,2024-08-04 14:51:27,UPI
TXN-00621,A-0172,A-0088,43182.65,2024-10-30 00:17:45,RTGS
TXN-00622,A-0285,A-0201,9073.39,2025-09-28 02:15:15,NEFT
TXN-00623,A-0425,A-0027,36159.26,2025-06-16 15:56:39,NEFT
TXN-00624,A-0066,A-0481,28814.17,2023-09-27 20:38:57,NEFT
TXN-00625,A-0463,A-0163,23518.83,2024-11-10 11:30:47,RTGS
TXN-00626,A-0051,A-0364,36152.15,2025-02-22 08:03:55,IMPS
TXN-00627,A-0324,A-0296,35400.52,2025-09-01 12:07:27,UPI
TXN-00628,A-0429,A-0284,7577.87,2024-05-15 20:06:57,RTGS
TXN-00629,A-0048,A-0014,19965.24,2025-09-03 22:52:20,RTGS
TXN-00630,A-0015,A-0317,31987.13,2023-05-03 08:51:06,NEFT
TXN-00631,A-0013,A-0381,33170.53,2024-12-05 19:23:43,UPI
TXN-00632,A-0096,A-0123,29537.26,2023-12-11 11:38:02,UPI
TXN-00633,A-0100,A-0275,37900.33,2024-08-10 08:50:56,UPI
TXN-00634,A-0338,A-0027,12735.93,2023-08-12 08:06:59,IMPS
TXN-00635,A-0327,A-0297,39078.79,2023-06-22 07:49:36,NEFT
TXN-00636,A-0475,A-0306,5959.45,2023-08-09 08:00:23,UPI
TXN-00637,A-0135,A-0459,8537.93,2023-05-01 04:59:19,NEFT
TXN-00638,A-0433,A-0186,41116.0,2023-11-20 01:46:30,NEFT
TXN-00639,A-0052,A-0252,35897.14,2024-10-04 17:32:11,IMPS
TXN-00640,A-0250,A-0492,28342.88,2023-11-23 16:24:07,NEFT
TXN-00641,A-0193,A-0456,14454.53,2024-12-01 09:58:11,RTGS
TXN-00642,A-0093,A-0153,951.24,2023-10-05 13:33:50,IMPS
TXN-00643,A-0061,A-0176,44721.41,2025-01-21 17:30:33,IMPS
TXN-00644,A-0082,A-0268,33505.51,2023-07-08 21:20:18,RTGS
TXN-00645,A-0311,A-0016,24349.96,2025-03-15 16:15:01,RTGS
TXN-00646,A-0111,A-0444,16737.63,2023-12-04 00:46:21,IMPS
TXN-00647,A-0168,A-0071,10279.37,2025-12-10 08:46:51,RTGS
TXN-00648,A-0138,A-0141,21930.08,2023-05-23 20:53:03,UPI
TXN-00649,A-0363,A-0283,29510.64,2024-12-26 12:39:10,NEFT
TXN-00650,A-0224,A-0263,42612.38,2023-10-27 21:35:01,UPI
TXN-00651,A-0089,A-0102,31074.06,2024-03-12 15:31:29,NEFT
TXN-00652,A-0053,A-0299,35795.32,2025-07-01 18:31:43,UPI
TXN-00653,A-0085,A-0407,9659.52,2025-01-27 19:41:14,NEFT
TXN-00654,A-0453,A-0229,19356.31,2024-02-27 00:44:16,UPI
TXN-00655,A-0319,A-0056,27524.66,2024-10-28 21:56:52,RTGS
TXN-00656,A-0291,A-0181,17141.24,2025-09-09 20:42:30,IMPS
TXN-00657,A-0231,A-0086,40080.51,2025-03-05 08:45:49,UPI
TXN-00658,A-0301,A-0210,13559.57,2025-09-29 02:59:43,UPI
TXN-00659,A-0204,A-0016,5601.92,2024-05-16 06:25:32,NEFT
TXN-00660,A-0405,A-0096,16419.63,2023-04-23 20:13:40,RTGS
TXN-00661,A-0337,A-0191,17052.41,2024-05-03 11:39:13,IMPS
TXN-00662,A-0005,A-0164,31129.01,2024-05-25 21:08:22,RTGS
TXN-00663,A-0239,A-0291,35888.15,2023-12-28 09:46:25,IMPS
TXN-00664,A-0198,A-0146,27280.19,2025-03-30 01:45:56,RTGS
TXN-00665,A-0053,A-0288,12873.16,2025-08-02 08:19:03,IMPS
TXN-00666,A-0294,A-0458,29259.02,2025-11-25 15:43:16,NEFT
TXN-00667,A-0163,A-0417,14745.4,2023-11-03 05:17:15,IMPS
TXN-00668,A-0411,A-0253,22689.97,2024-03-02 06:56:58,NEFT
TXN-00669,A-0062,A-0064,20648.94,2025-07-23 06:57:39,UPI
TXN-00670,A-0303,A-0197,11020.78,2023-02-03 00:57:16,UPI
TXN-00671,A-0010,A-0330,35357.1,2025-06-13 09:50:29,IMPS
TXN-00672,A-0467,A-0237,13154.28,2024-09-17 17:52:29,IMPS
TXN-00673,A-0459,A-0274,41352.53,2023-03-02 18:30:30,UPI
TXN-00674,A-0331,A-0009,3590.71,2023-05-28 18:19:25,NEFT
TXN-00675,A-0371,A-0155,12722.97,2024-06-21 05:16:14,NEFT
TXN-00676,A-0041,A-0285,34970.3,2025-02-06 02:53:30,IMPS
TXN-00677,A-0202,A-0153,31492.33,2024-12-07 04:02:08,NEFT
TXN-00678,A-0435,A-0329,43538.29,2023-07-08 14:36:09,UPI
TXN-00679,A-0481,A-0317,5072.09,2023-12-14 23:51:38,IMPS
TXN-00680,A-0423,A-0006,6673.68,2024-05-16 13:03:26,NEFT
TXN-00681,A-0116,A-0088,4416.74,2024-07-27 00:49:32,IMPS
TXN-00682,A-0479,A-0353,39126.66,2024-02-08 09:51:31,IMPS
TXN-00683,A-0057,A-0025,42647.95,2023-04-27 13:46:30,UPI
TXN-00684,A-0169,A-0353,27767.4,2024-08-12 14:53:26,UPI
TXN-00685,A-0358,A-0088,41656.2,2025-06-25 08:42:43,NEFT
TXN-00686,A-0062,A-0065,14710.3,2023-08-18 21:53:42,NEFT
TXN-00687,A-0327,A-0229,30236.47,2025-03-21 12:45:38,RTGS
TXN-00688,A-0296,A-0245,29926.47,2024-03-11 19:20:56,UPI
TXN-00689,A-0396,A-0375,21980.43,2023-05-23 14:31:43,UPI
TXN-00690,A-0393,A-0152,32156.47,2024-07-02 09:09:19,RTGS
TXN-00691,A-0338,A-0332,33219.44,2023-11-16 20:10:53,IMPS
TXN-00692,A-0039,A-0254,3181.88,2023-01-21 09:27:04,RTGS
TXN-00693,A-0240,A-0420,17635.18,2025-01-27 12:44:41,IMPS
TXN-00694,A-0175,A-0107,36722.8,2025-03-30 16:01:04,UPI
TXN-00695,A-0390,A-0484,14376.23,2024-12-06 07:09:56,RTGS
TXN-00696,A-0435,A-0259,5201.89,2023-07-22 01:00:26,RTGS
TXN-00697,A-0470,A-0187,17658.12,2024-12-03 19:53:00,RTGS
TXN-00698,A-0400,A-0205,8863.93,2024-03-07 14:34:03,NEFT
TXN-00699,A-0085,A-0352,14168.03,2025-06-15 17:09:07,IMPS
TXN-00700,A-0076,A-0237,39490.73,2023-06-21 04:31:23,RTGS
TXN-00701,A-0293,A-0115,218989.52,2024-04-02 03:45:36,UPI
TXN-00702,A-0115,A-0170,197479.68,2024-04-02 17:45:36,NEFT
TXN-00703,A-0281,A-0174,338341.02,2024-11-24 18:37:05,NEFT
TXN-00704,A-0174,A-0236,294761.82,2024-11-25 17:37:05,NEFT
TXN-00705,A-0031,A-0405,95066.1,2024-03-21 03:22:22,NEFT
TXN-00706,A-0405,A-0156,85277.05,2024-03-20 01:22:22,RTGS
TXN-00707,A-0156,A-0069,79995.92,2024-03-25 02:22:22,UPI
TXN-00708,A-0069,A-0137,72749.94,2024-03-21 07:22:22,RTGS
TXN-00709,A-0376,A-0185,184741.57,2024-02-24 20:43:41,NEFT
TXN-00710,A-0185,A-0463,160174.64,2024-02-24 00:43:41,NEFT
TXN-00711,A-0463,A-0002,144373.52,2024-02-24 04:43:41,RTGS
TXN-00712,A-0002,A-0057,139598.29,2024-02-24 18:43:41,RTGS
TXN-00713,A-0368,A-0001,302416.79,2024-08-15 04:16:06,RTGS
TXN-00714,A-0001,A-0311,284452.96,2024-08-14 08:16:06,IMPS
TXN-00715,A-0311,A-0155,252182.42,2024-08-19 18:16:06,UPI
TXN-00716,A-0223,A-0345,197590.52,2024-09-18 00:20:36,NEFT
TXN-00717,A-0345,A-0163,170625.6,2024-09-19 21:20:36,IMPS
TXN-00718,A-0163,A-0419,148060.03,2024-09-19 14:20:36,RTGS
TXN-00719,A-0419,A-0310,137566.13,2024-09-17 21:20:36,UPI
TXN-00720,A-0364,A-0467,377115.57,2024-05-31 14:28:43,IMPS
TXN-00721,A-0467,A-0440,364238.72,2024-06-02 23:28:43,NEFT
TXN-00722,A-0222,A-0210,388184.08,2024-04-06 18:09:50,UPI
TXN-00723,A-0210,A-0250,343391.14,2024-04-05 14:09:50,NEFT
TXN-00724,A-0250,A-0371,330090.9,2024-04-06 18:09:50,NEFT
TXN-00725,A-0371,A-0267,307549.25,2024-04-11 04:09:50,UPI
TXN-00726,A-0185,A-0041,365416.7,2024-04-06 17:00:34,IMPS
TXN-00727,A-0041,A-0189,329473.85,2024-04-09 11:00:34,IMPS
TXN-00728,A-0189,A-0009,282025.74,2024-04-07 00:00:34,UPI
TXN-00729,A-0453,A-0173,183293.92,2024-01-26 22:04:16,RTGS
TXN-00730,A-0173,A-0089,173653.59,2024-01-29 09:04:16,NEFT
TXN-00731,A-0166,A-0193,345621.7,2024-09-07 20:27:39,RTGS
TXN-00732,A-0193,A-0376,304147.94,2024-09-09 17:27:39,RTGS
TXN-00733,A-0191,A-0357,368741.12,2025-10-10 01:08:03,NEFT
TXN-00734,A-0357,A-0395,344144.61,2025-10-12 10:08:03,UPI
TXN-00735,A-0297,A-0269,381093.06,2025-04-23 12:19:06,UPI
TXN-00736,A-0269,A-0263,329749.53,2025-04-25 18:19:06,UPI
TXN-00737,A-0263,A-0294,282405.52,2025-04-26 02:19:06,RTGS
TXN-00738,A-0294,A-0480,99710.98,2025-10-06 21:21:02,UPI
TXN-00739,A-0480,A-0329,91865.8,2025-10-08 04:21:02,NEFT
TXN-00740,A-0075,A-0467,273824.97,2025-01-21 13:08:52,RTGS
TXN-00741,A-0467,A-0369,242638.24,2025-01-21 09:08:52,IMPS
TXN-00742,A-0042,A-0001,141423.4,2025-01-04 08:11:54,NEFT
TXN-00743,A-0001,A-0095,126840.62,2025-01-03 15:11:54,UPI
TXN-00744,A-0147,A-0345,123346.3,2024-01-19 19:43:55,RTGS
TXN-00745,A-0345,A-0166,107372.1,2024-01-21 19:43:55,RTGS
TXN-00746,A-0186,A-0423,208855.63,2025-09-14 09:22:53,NEFT
TXN-00747,A-0423,A-0061,181240.74,2025-09-14 20:22:53,NEFT
TXN-00748,A-0061,A-0372,156667.25,2025-09-16 09:22:53,IMPS
TXN-00749,A-0411,A-0414,74854.68,2024-05-04 08:11:48,RTGS
TXN-00750,A-0414,A-0391,66759.9,2024-05-06 19:11:48,NEFT
TXN-00751,A-0391,A-0285,60856.02,2024-05-04 11:11:48,RTGS
TXN-00752,A-0285,A-0027,54297.2,2024-05-10 19:11:48,UPI
TXN-00753,A-0480,A-0416,307404.52,2024-05-21 11:25:30,UPI
TXN-00754,A-0416,A-0194,266068.03,2024-05-21 20:25:30,UPI
TXN-00755,A-0194,A-0253,244819.62,2024-05-23 08:25:30,IMPS
TXN-00756,A-0098,A-0144,108234.12,2025-11-16 03:28:15,NEFT
TXN-00757,A-0144,A-0059,103978.91,2025-11-15 10:28:15,UPI
TXN-00758,A-0059,A-0421,89810.42,2025-11-21 02:28:15,IMPS
TXN-00759,A-0421,A-0065,81097.32,2025-11-19 02:28:15,IMPS
TXN-00760,A-0441,A-0288,173296.51,2024-12-06 10:52:04,RTGS
TXN-00761,A-0288,A-0242,162735.56,2024-12-08 03:52:04,RTGS
TXN-00762,A-0424,A-0059,152292.69,2025-07-22 22:45:34,NEFT
TXN-00763,A-0059,A-0128,132923.56,2025-07-22 03:45:34,NEFT
TXN-00764,A-0128,A-0022,120974.0,2025-07-23 20:45:34,RTGS
TXN-00765,A-0022,A-0086,114464.57,2025-07-25 19:45:34,NEFT
TXN-00766,A-0048,A-0080,283631.57,2024-09-14 19:47:31,UPI
TXN-00767,A-0080,A-0493,254375.31,2024-09-15 22:47:31,IMPS
TXN-00768,A-0493,A-0328,242850.35,2024-09-15 09:47:31,UPI
TXN-00769,A-0328,A-0191,208601.96,2024-09-20 04:47:31,RTGS
TXN-00770,A-0036,A-0345,228758.7,2024-06-04 21:48:02,RTGS
TXN-00771,A-0345,A-0441,200051.31,2024-06-08 15:48:02,UPI
TXN-00772,A-0441,A-0068,192229.49,2024-06-10 02:48:02,IMPS
TXN-00773,A-0068,A-0368,168830.18,2024-06-05 13:48:02,IMPS
TXN-00774,A-0378,A-0466,112685.08,2025-01-22 11:14:01,UPI
TXN-00775,A-0466,A-0386,101617.36,2025-01-22 09:14:01,RTGS
TXN-00776,A-0386,A-0049,86636.24,2025-01-21 05:14:01,IMPS
TXN-00777,A-0432,A-0465,324570.02,2025-03-04 01:15:35,IMPS
TXN-00778,A-0465,A-0012,310826.95,2025-03-04 20:15:35,UPI
TXN-00779,A-0012,A-0348,271425.74,2025-03-06 08:15:35,IMPS
TXN-00780,A-0348,A-0306,238469.34,2025-03-03 20:15:35,IMPS
TXN-00781,A-0474,A-0339,225950.5,2024-08-08 10:58:15,RTGS
TXN-00782,A-0339,A-0357,219120.16,2024-08-08 05:58:15,NEFT
TXN-00783,A-0357,A-0029,198839.31,2024-08-08 11:58:15,IMPS
TXN-00784,A-0029,A-0009,170835.84,2024-08-13 07:58:15,RTGS
TXN-00785,A-0285,A-0453,267611.07,2024-07-28 06:13:06,IMPS
TXN-00786,A-0453,A-0193,229203.45,2024-07-29 01:13:06,NEFT
TXN-00787,A-0085,A-0330,223295.86,2025-09-26 05:25:14,RTGS
TXN-00788,A-0330,A-0144,208513.9,2025-09-29 14:25:14,NEFT
TXN-00789,A-0022,A-0173,176722.35,2025-04-18 16:31:17,NEFT
TXN-00790,A-0173,A-0179,158371.43,2025-04-18 20:31:17,RTGS
TXN-00791,A-0179,A-0371,138525.53,2025-04-20 02:31:17,NEFT
TXN-00792,A-0343,A-0480,368178.68,2025-04-04 02:16:02,UPI
TXN-00793,A-0480,A-0222,345018.16,2025-04-07 08:16:02,NEFT
TXN-00794,A-0349,A-0247,301994.68,2025-03-18 02:56:12,RTGS
TXN-00795,A-0247,A-0457,291496.32,2025-03-19 21:56:12,RTGS
TXN-00796,A-0431,A-0176,298667.84,2024-10-08 15:28:51,IMPS
TXN-00797,A-0176,A-0052,258322.82,2024-10-11 00:28:51,UPI
TXN-00798,A-0052,A-0156,245489.34,2024-10-09 10:28:51,NEFT
TXN-00799,A-0006,A-0297,285635.56,2024-03-04 10:51:41,UPI
TXN-00800,A-0297,A-0023,275465.56,2024-03-05 04:51:41,RTGS
TXN-00801,A-0023,A-0228,242674.37,2024-03-05 00:51:41,UPI
TXN-00802,A-0396,A-0109,330844.14,2024-05-24 07:46:16,UPI
TXN-00803,A-0109,A-0091,282883.21,2024-05-26 22:46:16,RTGS
TXN-00804,A-0010,A-0429,97188.58,2024-12-10 22:16:05,RTGS
TXN-00805,A-0429,A-0225,84989.96,2024-12-13 19:16:05,UPI
TXN-00806,A-0225,A-0341,80697.67,2024-12-16 05:16:05,NEFT
TXN-00807,A-0089,A-0016,256758.38,2024-08-16 20:43:56,UPI
TXN-00808,A-0016,A-0208,219619.12,2024-08-17 05:43:56,IMPS
TXN-00809,A-0208,A-0383,189475.92,2024-08-18 03:43:56,UPI
TXN-00810,A-0367,A-0021,442974.3,2024-06-24 23:29:36,NEFT
TXN-00811,A-0021,A-0414,405178.0,2024-06-24 02:29:36,IMPS
TXN-00812,A-0414,A-0459,373919.43,2024-06-28 19:29:36,NEFT
TXN-00813,A-0363,A-0189,166317.17,2024-09-01 20:36:09,RTGS
TXN-00814,A-0189,A-0153,150251.08,2024-09-03 18:36:09,UPI
TXN-00815,A-0322,A-0047,442160.93,2024-07-10 09:05:08,RTGS
TXN-00816,A-0047,A-0230,407966.63,2024-07-10 20:05:08,UPI
TXN-00817,A-0230,A-0412,362136.2,2024-07-10 00:05:08,NEFT
TXN-00818,A-0412,A-0307,326111.87,2024-07-10 22:05:08,NEFT
TXN-00819,A-0009,A-0104,401443.55,2025-10-11 13:15:00,RTGS
TXN-00820,A-0104,A-0074,388915.31,2025-10-10 10:15:00,NEFT
TXN-00821,A-0074,A-0268,372779.7,2025-10-12 13:15:00,RTGS
TXN-00822,A-0189,A-0073,418071.12,2025-05-06 03:33:38,UPI
TXN-00823,A-0073,A-0214,393371.15,2025-05-08 17:33:38,RTGS
TXN-00824,A-0214,A-0373,368987.32,2025-05-10 20:33:38,IMPS
TXN-00825,A-0373,A-0384,320380.9,2025-05-05 03:33:38,UPI
TXN-00826,A-0280,A-0110,263546.86,2024-02-08 22:09:09,NEFT
TXN-00827,A-0110,A-0324,233036.27,2024-02-09 14:09:09,UPI
TXN-00828,A-0324,A-0457,219258.24,2024-02-08 18:09:09,IMPS
TXN-00829,A-0179,A-0363,170997.37,2024-12-07 09:00:04,UPI
TXN-00830,A-0363,A-0388,164619.95,2024-12-08 08:00:04,IMPS
TXN-00831,A-0388,A-0200,158190.21,2024-12-12 07:00:04,UPI
TXN-00832,A-0200,A-0060,137138.32,2024-12-09 06:00:04,RTGS
TXN-00833,A-0340,A-0121,270231.01,2025-10-07 19:40:03,IMPS
TXN-00834,A-0121,A-0005,244107.4,2025-10-09 19:40:03,NEFT
TXN-00835,A-0005,A-0311,215196.98,2025-10-08 14:40:03,UPI
TXN-00836,A-0311,A-0018,201810.88,2025-10-08 19:40:03,UPI
TXN-00837,A-0046,A-0208,244885.84,2025-12-26 14:35:57,UPI
TXN-00838,A-0208,A-0097,213748.08,2025-12-28 04:35:57,IMPS
TXN-00839,A-0097,A-0323,206032.18,2025-12-30 07:35:57,IMPS
TXN-00840,A-0323,A-0213,181207.29,2025-12-31 12:35:57,NEFT
TXN-00841,A-0300,A-0094,334161.41,2024-03-11 20:42:21,RTGS
TXN-00842,A-0094,A-0308,284165.42,2024-03-10 07:42:21,NEFT
TXN-00843,A-0308,A-0115,260559.36,2024-03-11 15:42:21,RTGS
TXN-00844,A-0167,A-0387,383308.51,2025-11-11 23:54:38,NEFT
TXN-00845,A-0387,A-0243,362460.18,2025-11-12 19:54:38,UPI
TXN-00846,A-0243,A-0397,331727.04,2025-11-13 00:54:38,IMPS
TXN-00847,A-0397,A-0368,290683.01,2025-11-13 19:54:38,NEFT
TXN-00848,A-0419,A-0272,333735.18,2024-09-28 21:20:03,RTGS
TXN-00849,A-0272,A-0072,314659.48,2024-09-29 13:20:03,NEFT
TXN-00850,A-0186,A-0172,278650.58,2024-09-08 21:44:09,NEFT
TXN-00851,A-0172,A-0323,249939.93,2024-09-10 10:44:09,NEFT
TXN-00852,A-0171,A-0308,183704.01,2024-11-14 18:26:27,RTGS
TXN-00853,A-0308,A-0460,173333.23,2024-11-14 23:26:27,UPI
TXN-00854,A-0013,A-0243,224706.93,2024-06-04 14:11:10,NEFT
TXN-00855,A-0243,A-0055,214183.17,2024-06-04 09:11:10,UPI
TXN-00856,A-0055,A-0491,202650.32,2024-06-06 03:11:10,UPI
TXN-00857,A-0491,A-0446,182305.73,2024-06-09 03:11:10,RTGS
TXN-00858,A-0476,A-0333,124454.06,2024-08-23 20:44:30,RTGS
TXN-00859,A-0333,A-0062,106290.41,2024-08-26 03:44:30,IMPS
TXN-00860,A-0467,A-0173,84008.8,2025-08-01 11:02:10,RTGS
TXN-00861,A-0173,A-0052,72370.79,2025-08-03 00:02:10,NEFT
TXN-00862,A-0272,A-0326,112011.75,2025-05-25 14:40:17,UPI
TXN-00863,A-0326,A-0468,100983.54,2025-05-25 19:40:17,NEFT
TXN-00864,A-0468,A-0014,92634.18,2025-05-28 10:40:17,UPI
TXN-00865,A-0318,A-0460,156291.4,2024-01-20 23:01:05,NEFT
TXN-00866,A-0460,A-0253,139783.68,2024-01-23 10:01:05,IMPS
TXN-00867,A-0396,A-0050,285430.87,2024-03-07 19:48:00,NEFT
TXN-00868,A-0050,A-0057,260543.78,2024-03-09 05:48:00,RTGS
TXN-00869,A-0262,A-0199,416049.8,2024-07-28 18:34:59,NEFT
TXN-00870,A-0199,A-0467,380881.38,2024-07-29 00:34:59,RTGS
TXN-00871,A-0467,A-0214,338459.02,2024-08-02 00:34:59,NEFT
TXN-00872,A-0443,A-0047,157458.61,2025-11-06 16:17:58,NEFT
TXN-00873,A-0047,A-0241,143196.35,2025-11-09 23:17:58,NEFT
TXN-00874,A-0241,A-0080,124120.28,2025-11-11 01:17:58,NEFT
TXN-00875,A-0073,A-0278,129983.93,2025-02-12 02:06:36,UPI
TXN-00876,A-0278,A-0189,118587.66,2025-02-11 20:06:36,NEFT
TXN-00877,A-0189,A-0456,107386.54,2025-02-13 04:06:36,RTGS
TXN-00878,A-0202,A-0267,441217.07,2024-01-05 21:26:12,RTGS
TXN-00879,A-0267,A-0111,411781.46,2024-01-08 06:26:12,NEFT
TXN-00880,A-0393,A-0298,304593.68,2025-11-18 19:42:37,IMPS
TXN-00881,A-0298,A-0375,292819.78,2025-11-18 14:42:37,UPI
TXN-00882,A-0393,A-0482,337123.71,2024-08-07 00:18:31,IMPS
TXN-00883,A-0482,A-0258,291680.95,2024-08-08 07:18:31,NEFT
TXN-00884,A-0258,A-0161,259484.98,2024-08-10 05:18:31,UPI
TXN-00885,A-0002,A-0144,126844.58,2025-11-10 12:59:18,IMPS
TXN-00886,A-0144,A-0135,109902.84,2025-11-12 17:59:18,NEFT
TXN-00887,A-0320,A-0479,209082.23,2025-10-14 19:33:30,IMPS
TXN-00888,A-0479,A-0073,199881.41,2025-10-14 13:33:30,RTGS
TXN-00889,A-0073,A-0152,192577.5,2025-10-15 15:33:30,RTGS
TXN-00890,A-0439,A-0158,402031.53,2025-10-28 04:17:44,UPI
TXN-00891,A-0158,A-0432,376871.99,2025-10-27 13:17:44,RTGS
TXN-00892,A-0432,A-0074,337637.69,2025-10-27 21:17:44,IMPS
TXN-00893,A-0333,A-0121,446326.48,2025-01-27 03:44:50,UPI
TXN-00894,A-0121,A-0003,381173.25,2025-01-27 00:44:50,NEFT
TXN-00895,A-0003,A-0370,342215.54,2025-01-31 03:44:50,UPI
TXN-00896,A-0235,A-0019,109218.79,2025-10-10 00:05:16,NEFT
TXN-00897,A-0019,A-0386,101190.92,2025-10-10 04:05:16,UPI
TXN-00898,A-0413,A-0387,438167.23,2024-05-13 00:22:08,UPI
TXN-00899,A-0387,A-0465,399591.36,2024-05-15 00:22:08,NEFT
TXN-00900,A-0119,A-0479,134654.58,2024-02-05 02:41:50,NEFT
TXN-00901,A-0479,A-0320,117251.31,2024-02-08 13:41:50,IMPS
TXN-00902,A-0223,A-0073,136642.87,2024-03-09 16:56:30,IMPS
TXN-00903,A-0073,A-0217,128718.5,2024-03-08 04:56:30,RTGS
TXN-00904,A-0217,A-0297,119264.57,2024-03-11 20:56:30,IMPS
TXN-00905,A-0297,A-0357,113929.13,2024-03-10 18:56:30,UPI
TXN-00906,A-0033,A-0243,221526.69,2025-10-11 07:39:34,RTGS
TXN-00907,A-0243,A-0447,214330.04,2025-10-12 04:39:34,NEFT
TXN-00908,A-0447,A-0183,188984.53,2025-10-14 18:39:34,UPI
TXN-00909,A-0331,A-0288,210323.33,2025-09-22 15:25:36,RTGS
TXN-00910,A-0288,A-0397,187411.07,2025-09-24 14:25:36,UPI
TXN-00911,A-0397,A-0433,161340.48,2025-09-23 14:25:36,UPI
TXN-00912,A-0433,A-0107,141365.01,2025-09-24 16:25:36,IMPS
TXN-00913,A-0086,A-0298,334489.94,2025-05-03 23:12:36,RTGS
TXN-00914,A-0298,A-0370,301231.25,2025-05-05 18:12:36,UPI
TXN-00915,A-0370,A-0205,279466.01,2025-05-04 19:12:36,RTGS
TXN-00916,A-0298,A-0345,297094.48,2025-06-24 12:23:21,NEFT
TXN-00917,A-0345,A-0115,282266.96,2025-06-24 20:23:21,UPI
TXN-00918,A-0257,A-0192,299955.63,2024-05-08 05:39:56,RTGS
TXN-00919,A-0192,A-0026,289211.0,2024-05-10 11:39:56,RTGS
TXN-00920,A-0026,A-0146,250337.25,2024-05-10 03:39:56,IMPS
TXN-00921,A-0146,A-0480,241935.69,2024-05-10 17:39:56,RTGS
TXN-00922,A-0101,A-0293,183715.11,2024-05-23 23:04:30,NEFT
TXN-00923,A-0293,A-0001,158145.65,2024-05-24 17:04:30,RTGS
TXN-00924,A-0001,A-0416,147417.94,2024-05-26 09:04:30,IMPS
TXN-00925,A-0061,A-0301,377292.07,2025-07-02 19:58:17,NEFT
TXN-00926,A-0301,A-0347,326516.21,2025-07-03 06:58:17,NEFT
TXN-00927,A-0347,A-0433,307836.63,2025-07-04 21:58:17,NEFT
TXN-00928,A-0311,A-0424,213923.53,2024-09-21 00:16:51,NEFT
TXN-00929,A-0424,A-0467,205313.18,2024-09-24 11:16:51,RTGS
TXN-00930,A-0467,A-0370,177918.16,2024-09-22 14:16:51,IMPS
TXN-00931,A-0056,A-0216,199820.91,2025-06-08 14:59:59,UPI
TXN-00932,A-0216,A-0245,192831.48,2025-06-10 17:59:59,RTGS
TXN-00933,A-0245,A-0412,167691.1,2025-06-13 23:59:59,IMPS
TXN-00934,A-0433,A-0463,120137.82,2025-01-30 00:36:49,IMPS
TXN-00935,A-0463,A-0061,109125.59,2025-02-01 08:36:49,NEFT
TXN-00936,A-0061,A-0413,98288.86,2025-01-29 06:36:49,UPI
TXN-00937,A-0398,A-0072,374575.94,2024-11-26 10:08:48,IMPS
TXN-00938,A-0072,A-0381,325149.32,2024-11-27 05:08:48,UPI
TXN-00939,A-0381,A-0288,284087.37,2024-11-30 09:08:48,NEFT
TXN-00940,A-0288,A-0321,256299.81,2024-11-30 09:08:48,UPI
TXN-00941,A-0293,A-0233,344705.69,2025-08-20 01:49:01,UPI
TXN-00942,A-0233,A-0031,300392.87,2025-08-20 12:49:01,NEFT
TXN-00943,A-0031,A-0378,255965.45,2025-08-21 05:49:01,UPI
TXN-00944,A-0462,A-0023,285563.43,2024-04-09 14:49:42,NEFT
TXN-00945,A-0023,A-0336,257501.7,2024-04-09 09:49:42,UPI
TXN-00946,A-0336,A-0466,248906.89,2024-04-13 12:49:42,RTGS
TXN-00947,A-0208,A-0237,253800.89,2025-07-19 03:25:07,UPI
TXN-00948,A-0237,A-0025,228599.37,2025-07-17 14:25:07,RTGS
TXN-00949,A-0072,A-0119,301965.7,2024-06-17 07:47:29,UPI
TXN-00950,A-0119,A-0360,283734.33,2024-06-17 03:47:29,UPI
TXN-00951,A-0360,A-0166,258251.46,2024-06-16 12:47:29,NEFT
TXN-00952,A-0174,A-0004,181560.97,2025-04-12 00:39:01,UPI
TXN-00953,A-0004,A-0260,156443.41,2025-04-11 13:39:01,IMPS
TXN-00954,A-0260,A-0130,146287.26,2025-04-12 04:39:01,IMPS
TXN-00955,A-0452,A-0384,211611.27,2024-09-26 10:44:09,NEFT
TXN-00956,A-0384,A-0293,201564.54,2024-09-28 16:44:09,RTGS
TXN-00957,A-0293,A-0371,184203.55,2024-09-27 09:44:09,NEFT
TXN-00958,A-0371,A-0269,162224.96,2024-09-26 12:44:09,IMPS
TXN-00959,A-0130,A-0471,368056.65,2024-12-16 18:33:17,RTGS
TXN-00960,A-0471,A-0335,340446.34,2024-12-17 14:33:17,UPI
TXN-00961,A-0473,A-0182,418062.27,2024-04-12 15:01:02,IMPS
TXN-00962,A-0182,A-0350,375206.69,2024-04-13 11:01:02,IMPS
TXN-00963,A-0482,A-0490,378947.18,2024-11-21 13:26:24,UPI
TXN-00964,A-0490,A-0464,357142.54,2024-11-24 05:26:24,IMPS
TXN-00965,A-0258,A-0317,127147.96,2025-11-10 03:16:22,IMPS
TXN-00966,A-0317,A-0477,116203.05,2025-11-11 04:16:22,NEFT
TXN-00967,A-0366,A-0412,325950.29,2025-01-27 14:20:01,NEFT
TXN-00968,A-0412,A-0268,314039.64,2025-01-27 17:20:01,RTGS
TXN-00969,A-0268,A-0262,273206.66,2025-01-31 02:20:01,NEFT
TXN-00970,A-0468,A-0379,259999.68,2025-07-16 02:49:02,NEFT
TXN-00971,A-0379,A-0412,250238.49,2025-07-16 16:49:02,UPI
TXN-00972,A-0020,A-0129,355674.4,2024-12-11 02:17:41,NEFT
TXN-00973,A-0129,A-0364,323672.88,2024-12-11 06:17:41,UPI
TXN-00974,A-0457,A-0043,105709.21,2024-11-21 21:06:49,IMPS
TXN-00975,A-0043,A-0005,98932.76,2024-11-23 05:06:49,IMPS
TXN-00976,A-0005,A-0472,89298.94,2024-11-25 20:06:49,IMPS
TXN-00977,A-0483,A-0026,413557.27,2025-08-12 01:02:00,RTGS
TXN-00978,A-0026,A-0231,369710.17,2025-08-15 07:02:00,UPI
TXN-00979,A-0231,A-0256,320551.29,2025-08-13 17:02:00,NEFT
TXN-00980,A-0256,A-0454,280549.76,2025-08-12 21:02:00,UPI
TXN-00981,A-0313,A-0475,330092.85,2025-03-17 11:35:49,RTGS
TXN-00982,A-0475,A-0154,286442.32,2025-03-18 22:35:49,IMPS
TXN-00983,A-0154,A-0477,251073.16,2025-03-20 08:35:49,UPI
TXN-00984,A-0477,A-0166,234918.2,2025-03-20 16:35:49,RTGS
TXN-00985,A-0281,A-0426,330801.37,2024-01-24 08:02:43,UPI
TXN-00986,A-0426,A-0189,287070.62,2024-01-22 20:02:43,UPI
TXN-00987,A-0189,A-0096,256554.85,2024-01-26 21:02:43,NEFT
TXN-00988,A-0096,A-0468,232756.03,2024-01-24 14:02:43,UPI
TXN-00989,A-0240,A-0242,321568.01,2024-02-21 03:04:33,RTGS
TXN-00990,A-0242,A-0308,281988.52,2024-02-21 19:04:33,IMPS
TXN-00991,A-0308,A-0408,261685.23,2024-02-23 04:04:33,NEFT
TXN-00992,A-0408,A-0105,236856.17,2024-02-27 03:04:33,IMPS
TXN-00993,A-0421,A-0021,297258.02,2025-02-20 19:32:04,IMPS
TXN-00994,A-0021,A-0256,287285.75,2025-02-19 16:32:04,NEFT
TXN-00995,A-0256,A-0394,263729.54,2025-02-21 08:32:04,RTGS
TXN-00996,A-0411,A-0154,111031.92,2024-05-27 19:07:14,RTGS
TXN-00997,A-0154,A-0141,101339.6,2024-05-27 22:07:14,RTGS
TXN-00998,A-0141,A-0436,88906.28,2024-06-01 08:07:14,NEFT
TXN-00999,A-0436,A-0455,80523.53,2024-06-02 10:07:14,IMPS
TXN-01000,A-0304,A-0072,106801.86,2025-04-04 02:45:45,UPI
TXN-01001,A-0072,A-0282,98078.23,2025-04-05 22:45:45,NEFT
TXN-01002,A-0121,A-0371,255174.2,2024-05-18 09:47:33,UPI
TXN-01003,A-0371,A-0399,246031.89,2024-05-18 18:47:33,UPI
TXN-01004,A-0399,A-0387,234731.97,2024-05-19 02:47:33,UPI
TXN-01005,A-0387,A-0476,207276.45,2024-05-23 02:47:33,UPI
TXN-01006,A-0310,A-0005,139870.22,2025-08-14 11:35:17,IMPS
TXN-01007,A-0005,A-0203,134420.24,2025-08-16 01:35:17,UPI
TXN-01008,A-0480,A-0144,346575.57,2025-01-02 08:23:58,RTGS
TXN-01009,A-0144,A-0134,318336.94,2025-01-02 08:23:58,UPI
TXN-01010,A-0106,A-0097,357557.0,2024-07-28 22:39:59,NEFT
TXN-01011,A-0097,A-0385,344012.6,2024-07-29 21:39:59,UPI
TXN-01012,A-0385,A-0420,298395.97,2024-07-30 23:39:59,UPI
TXN-01013,A-0272,A-0354,451546.9,2024-10-02 00:48:16,NEFT
TXN-01014,A-0354,A-0253,425377.88,2024-10-01 19:48:16,RTGS
TXN-01015,A-0253,A-0480,372219.72,2024-10-07 09:48:16,UPI
TXN-01016,A-0204,A-0273,323344.3,2024-12-08 03:07:02,IMPS
TXN-01017,A-0273,A-0244,284276.72,2024-12-09 14:07:02,NEFT
TXN-01018,A-0029,A-0491,97228.76,2024-02-14 08:03:04,UPI
TXN-01019,A-0491,A-0416,87756.24,2024-02-15 04:03:04,IMPS
TXN-01020,A-0416,A-0249,79561.64,2024-02-19 14:03:04,IMPS
TXN-01021,A-0093,A-0371,167548.62,2025-03-22 15:31:12,UPI
TXN-01022,A-0371,A-0192,153608.73,2025-03-22 10:31:12,IMPS
TXN-01023,A-0452,A-0466,156300.87,2024-10-10 03:58:05,UPI
TXN-01024,A-0466,A-0200,137645.26,2024-10-12 07:58:05,IMPS
TXN-01025,A-0200,A-0229,119315.37,2024-10-13 13:58:05,NEFT
TXN-01026,A-0229,A-0486,107536.52,2024-10-13 15:58:05,IMPS
TXN-01027,A-0356,A-0279,275797.58,2025-05-07 22:35:08,IMPS
TXN-01028,A-0279,A-0021,266670.69,2025-05-08 09:35:08,RTGS
TXN-01029,A-0409,A-0118,307908.16,2024-02-28 06:17:57,UPI
TXN-01030,A-0118,A-0473,278498.51,2024-03-01 11:17:57,NEFT
TXN-01031,A-0473,A-0045,266447.22,2024-02-29 23:17:57,UPI
TXN-01032,A-0045,A-0482,226683.3,2024-03-01 21:17:57,IMPS
TXN-01033,A-0273,A-0094,434256.3,2025-07-09 16:47:06,RTGS
TXN-01034,A-0094,A-0164,409399.05,2025-07-10 10:47:06,UPI
TXN-01035,A-0164,A-0139,356910.16,2025-07-09 12:47:06,IMPS
TXN-01036,A-0208,A-0201,130448.1,2024-07-30 03:15:32,UPI
TXN-01037,A-0201,A-0143,111308.18,2024-07-31 23:15:32,IMPS
TXN-01038,A-0468,A-0466,146375.88,2025-08-22 04:10:42,IMPS
TXN-01039,A-0466,A-0130,141444.37,2025-08-24 14:10:42,IMPS
TXN-01040,A-0130,A-0243,122992.38,2025-08-23 14:10:42,IMPS
TXN-01041,A-0202,A-0266,82130.44,2024-10-23 06:15:23,IMPS
TXN-01042,A-0266,A-0118,73306.49,2024-10-23 20:15:23,IMPS
TXN-01043,A-0118,A-0131,66129.63,2024-10-27 10:15:23,UPI
TXN-01044,A-0131,A-0055,58030.28,2024-10-29 16:15:23,IMPS
TXN-01045,A-0176,A-0461,400060.06,2024-05-18 03:11:59,RTGS
TXN-01046,A-0461,A-0407,346782.64,2024-05-20 08:11:59,IMPS
TXN-01047,A-0466,A-0418,246440.29,2024-05-16 01:28:42,RTGS
TXN-01048,A-0418,A-0189,220270.34,2024-05-16 07:28:42,RTGS
TXN-01049,A-0195,A-0258,81825.82,2024-01-22 08:30:24,IMPS
TXN-01050,A-0258,A-0394,76768.5,2024-01-21 21:30:24,NEFT
TXN-01051,A-0457,A-0332,478331.65,2024-03-29 13:29:06,NEFT
TXN-01052,A-0332,A-0105,455724.19,2024-03-31 05:29:06,NEFT
TXN-01053,A-0105,A-0097,394715.78,2024-04-02 04:29:06,IMPS
TXN-01054,A-0097,A-0061,350259.62,2024-04-02 11:29:06,UPI
TXN-01055,A-0341,A-0233,162929.2,2024-04-11 05:47:21,RTGS
TXN-01056,A-0233,A-0387,151378.37,2024-04-14 19:47:21,IMPS
TXN-01057,A-0387,A-0424,141701.08,2024-04-13 04:47:21,IMPS
TXN-01058,A-0424,A-0454,124693.19,2024-04-13 15:47:21,RTGS
TXN-01059,A-0294,A-0424,335659.15,2025-03-26 03:12:45,NEFT
TXN-01060,A-0424,A-0373,310761.84,2025-03-27 02:12:45,RTGS
TXN-01061,A-0373,A-0330,264681.64,2025-03-31 03:12:45,IMPS
TXN-01062,A-0330,A-0328,251512.53,2025-03-28 16:12:45,RTGS
TXN-01063,A-0360,A-0306,244078.32,2024-06-16 13:50:12,NEFT
TXN-01064,A-0306,A-0307,210917.42,2024-06-17 08:50:12,UPI
TXN-01065,A-0217,A-0309,95984.38,2024-10-10 21:57:51,RTGS
TXN-01066,A-0309,A-0486,82676.15,2024-10-13 07:57:51,IMPS
TXN-01067,A-0486,A-0347,71468.02,2024-10-16 13:57:51,UPI
TXN-01068,A-0289,A-0279,408182.81,2024-06-21 20:42:57,UPI
TXN-01069,A-0279,A-0349,372699.05,2024-06-22 03:42:57,IMPS
TXN-01070,A-0349,A-0050,352584.93,2024-06-24 07:42:57,RTGS
TXN-01071,A-0061,A-0430,376996.79,2024-08-05 08:09:02,UPI
TXN-01072,A-0430,A-0102,338080.42,2024-08-07 02:09:02,NEFT
TXN-01073,A-0084,A-0457,430865.14,2025-04-21 10:20:03,IMPS
TXN-01074,A-0457,A-0192,405280.52,2025-04-21 23:20:03,RTGS
TXN-01075,A-0192,A-0001,367877.93,2025-04-22 14:20:03,RTGS
TXN-01076,A-0268,A-0250,426302.4,2024-04-07 11:40:26,RTGS
TXN-01077,A-0250,A-0373,372886.59,2024-04-06 17:40:26,UPI
TXN-01078,A-0373,A-0121,350987.02,2024-04-06 00:40:26,IMPS
TXN-01079,A-0121,A-0156,320266.68,2024-04-11 13:40:26,IMPS
TXN-01080,A-0280,A-0191,428886.05,2024-02-02 12:45:59,IMPS
TXN-01081,A-0191,A-0077,396817.3,2024-02-04 03:45:59,RTGS
TXN-01082,A-0077,A-0343,379019.68,2024-02-07 10:45:59,NEFT
TXN-01083,A-0343,A-0468,356663.26,2024-02-04 07:45:59,IMPS
TXN-01084,A-0421,A-0317,327938.94,2025-11-04 22:53:10,UPI
TXN-01085,A-0317,A-0445,314351.7,2025-11-06 09:53:10,UPI
TXN-01086,A-0051,A-0008,289485.37,2025-06-02 22:12:51,NEFT
TXN-01087,A-0008,A-0061,265539.28,2025-06-04 02:12:51,NEFT
TXN-01088,A-0061,A-0453,245038.41,2025-06-06 09:12:51,NEFT
TXN-01089,A-0403,A-0060,203920.16,2025-09-05 09:55:35,IMPS
TXN-01090,A-0060,A-0363,196339.15,2025-09-07 13:55:35,NEFT
TXN-01091,A-0363,A-0057,182652.0,2025-09-04 09:55:35,RTGS
TXN-01092,A-0057,A-0073,167680.31,2025-09-04 11:55:35,UPI
TXN-01093,A-0019,A-0461,167883.09,2025-09-01 23:24:34,UPI
TXN-01094,A-0461,A-0291,158185.04,2025-09-01 15:24:34,RTGS
TXN-01095,A-0291,A-0159,145058.42,2025-09-05 05:24:34,UPI
TXN-01096,A-0319,A-0054,410796.86,2024-03-19 22:20:04,NEFT
TXN-01097,A-0054,A-0212,364603.13,2024-03-22 08:20:04,RTGS
TXN-01098,A-0448,A-0308,188134.55,2024-03-28 10:08:56,UPI
TXN-01099,A-0308,A-0223,176999.33,2024-03-30 12:08:56,RTGS
TXN-01100,A-0223,A-0214,158902.31,2024-04-02 05:08:56,IMPS
TXN-01101,A-0452,A-0378,339733.89,2025-02-18 05:37:45,NEFT
TXN-01102,A-0378,A-0419,292998.44,2025-02-21 20:37:45,UPI
TXN-01103,A-0282,A-0026,268529.8,2025-10-09 19:52:04,RTGS
TXN-01104,A-0026,A-0154,256450.34,2025-10-11 14:52:04,RTGS
TXN-01105,A-0153,A-0013,145446.57,2025-02-08 11:52:16,NEFT
TXN-01106,A-0013,A-0386,136663.8,2025-02-10 14:52:16,UPI
TXN-01107,A-0386,A-0307,129340.14,2025-02-08 21:52:16,NEFT
TXN-01108,A-0203,A-0341,388071.19,2025-07-01 01:20:02,RTGS
TXN-01109,A-0341,A-0227,334360.03,2025-07-02 08:20:02,NEFT
TXN-01110,A-0141,A-0456,313021.89,2025-01-21 08:13:47,RTGS
TXN-01111,A-0456,A-0222,266899.31,2025-01-23 13:13:47,IMPS
TXN-01112,A-0222,A-0455,255556.36,2025-01-25 00:13:47,RTGS
TXN-01113,A-0455,A-0445,219178.74,2025-01-24 23:13:47,IMPS
TXN-01114,A-0019,A-0453,271399.03,2025-06-08 15:42:57,NEFT
TXN-01115,A-0453,A-0377,235386.54,2025-06-10 22:42:57,UPI
TXN-01116,A-0377,A-0313,224447.68,2025-06-13 00:42:57,IMPS
TXN-01117,A-0313,A-0276,209960.4,2025-06-11 20:42:57,IMPS
TXN-01118,A-0264,A-0461,332261.97,2024-09-15 19:00:57,NEFT
TXN-01119,A-0461,A-0099,314515.75,2024-09-16 19:00:57,NEFT
TXN-01120,A-0099,A-0463,272566.0,2024-09-17 11:00:57,RTGS
TXN-01121,A-0463,A-0121,234816.59,2024-09-18 13:00:57,RTGS
TXN-01122,A-0055,A-0114,191792.7,2025-08-07 15:51:16,IMPS
TXN-01123,A-0114,A-0166,183261.02,2025-08-07 06:51:16,IMPS
TXN-01124,A-0166,A-0257,170785.56,2025-08-07 19:51:16,RTGS
TXN-01125,A-0208,A-0245,445957.27,2024-05-27 17:33:39,RTGS
TXN-01126,A-0245,A-0195,407705.59,2024-05-28 07:33:39,IMPS
TXN-01127,A-0110,A-0281,403188.48,2024-08-30 08:51:47,UPI
TXN-01128,A-0281,A-0447,375757.09,2024-09-02 05:51:47,RTGS
TXN-01129,A-0447,A-0486,359985.69,2024-09-03 01:51:47,RTGS
TXN-01130,A-0486,A-0323,332058.15,2024-09-05 17:51:47,UPI
TXN-01131,A-0072,A-0424,164118.27,2025-09-28 02:53:54,IMPS
TXN-01132,A-0424,A-0349,146557.38,2025-09-29 14:53:54,IMPS
TXN-01133,A-0349,A-0041,139483.48,2025-09-27 18:53:54,UPI
TXN-01134,A-0204,A-0084,238809.42,2024-03-06 07:50:24,IMPS
TXN-01135,A-0084,A-0287,212201.69,2024-03-07 13:50:24,NEFT
TXN-01136,A-0287,A-0480,188160.87,2024-03-07 08:50:24,IMPS
TXN-01137,A-0054,A-0196,294056.72,2024-02-07 17:00:44,RTGS
TXN-01138,A-0196,A-0370,262360.9,2024-02-09 14:00:44,IMPS
TXN-01139,A-0235,A-0430,100623.91,2024-06-08 16:31:57,IMPS
TXN-01140,A-0430,A-0441,86076.52,2024-06-09 05:31:57,RTGS
TXN-01141,A-0441,A-0028,82464.62,2024-06-08 03:31:57,UPI
TXN-01142,A-0028,A-0134,70141.82,2024-06-09 19:31:57,UPI
TXN-01143,A-0237,A-0257,326073.73,2024-07-20 16:55:21,UPI
TXN-01144,A-0257,A-0028,285179.24,2024-07-23 00:55:21,UPI
TXN-01145,A-0265,A-0242,88180.17,2025-08-20 15:16:35,RTGS
TXN-01146,A-0242,A-0179,75699.41,2025-08-19 12:16:35,IMPS
TXN-01147,A-0179,A-0118,65788.15,2025-08-22 20:16:35,IMPS
TXN-01148,A-0466,A-0163,175902.3,2025-03-19 03:35:22,NEFT
TXN-01149,A-0163,A-0430,166886.48,2025-03-19 21:35:22,IMPS
TXN-01150,A-0329,A-0023,157823.64,2025-10-09 08:00:41,IMPS
TXN-01151,A-0023,A-0299,138728.59,2025-10-12 10:00:41,UPI
TXN-01152,A-0376,A-0483,284124.63,2024-04-29 07:43:50,RTGS
TXN-01153,A-0483,A-0027,253443.17,2024-04-29 16:43:50,IMPS
TXN-01154,A-0027,A-0419,227327.73,2024-04-29 20:43:50,UPI
TXN-01155,A-0395,A-0121,100649.57,2024-07-10 16:35:56,RTGS
TXN-01156,A-0121,A-0213,87283.67,2024-07-11 15:35:56,IMPS
TXN-01157,A-0329,A-0338,130742.9,2024-03-21 15:50:03,NEFT
TXN-01158,A-0338,A-0010,111185.14,2024-03-21 22:50:03,NEFT
TXN-01159,A-0010,A-0389,104763.47,2024-03-22 14:50:03,RTGS
TXN-01160,A-0409,A-0303,236200.64,2025-08-05 09:01:28,UPI
TXN-01161,A-0303,A-0360,210553.4,2025-08-07 11:01:28,NEFT
TXN-01162,A-0339,A-0229,422848.73,2024-10-14 01:28:22,UPI
TXN-01163,A-0229,A-0139,366727.42,2024-10-15 09:28:22,NEFT
TXN-01164,A-0139,A-0089,342993.66,2024-10-17 06:28:22,RTGS
TXN-01165,A-0214,A-0206,331251.79,2025-03-19 10:29:38,UPI
TXN-01166,A-0206,A-0421,317353.3,2025-03-20 11:29:38,NEFT
TXN-01167,A-0421,A-0256,284024.22,2025-03-19 23:29:38,RTGS
TXN-01168,A-0067,A-0343,163816.79,2025-03-06 07:18:15,NEFT
TXN-01169,A-0343,A-0410,157666.23,2025-03-06 20:18:15,RTGS
TXN-01170,A-0410,A-0289,151861.58,2025-03-04 18:18:15,RTGS
TXN-01171,A-0469,A-0430,222282.23,2024-12-31 22:57:35,RTGS
TXN-01172,A-0430,A-0354,209281.93,2025-01-01 14:57:35,UPI
TXN-01173,A-0354,A-0483,193218.07,2025-01-03 22:57:35,IMPS
TXN-01174,A-0013,A-0006,412048.07,2024-10-04 11:18:07,RTGS
TXN-01175,A-0006,A-0033,365448.49,2024-10-04 11:18:07,UPI
TXN-01176,A-0216,A-0446,135772.67,2024-04-03 15:53:25,NEFT
TXN-01177,A-0446,A-0109,117985.59,2024-04-04 23:53:25,NEFT
TXN-01178,A-0109,A-0186,110196.6,2024-04-04 05:53:25,RTGS
TXN-01179,A-0059,A-0476,139516.65,2024-01-17 11:58:18,NEFT
TXN-01180,A-0476,A-0026,128381.4,2024-01-17 11:58:18,NEFT
TXN-01181,A-0026,A-0084,122896.76,2024-01-20 11:58:18,UPI
TXN-01182,A-0043,A-0110,479745.2,2025-09-06 21:42:12,UPI
TXN-01183,A-0110,A-0084,424613.81,2025-09-06 20:42:12,UPI
TXN-01184,A-0084,A-0393,391637.24,2025-09-10 08:42:12,IMPS
TXN-01185,A-0232,A-0159,183063.0,2024-05-10 06:54:16,UPI
TXN-01186,A-0159,A-0120,161383.51,2024-05-11 22:54:16,UPI
TXN-01187,A-0478,A-0414,198551.31,2024-06-05 02:36:14,NEFT
TXN-01188,A-0414,A-0292,169625.95,2024-06-07 17:36:14,UPI
TXN-01189,A-0292,A-0415,158366.64,2024-06-06 19:36:14,UPI
TXN-01190,A-0415,A-0049,149874.63,2024-06-08 17:36:14,NEFT
TXN-01191,A-0456,A-0166,431443.41,2025-12-16 10:13:41,UPI
TXN-01192,A-0166,A-0348,411328.44,2025-12-15 07:13:41,IMPS
TXN-01193,A-0348,A-0119,389647.57,2025-12-15 12:13:41,RTGS
TXN-01194,A-0041,A-0095,371585.42,2024-09-23 15:12:49,IMPS
TXN-01195,A-0095,A-0360,322814.56,2024-09-25 09:12:49,NEFT
TXN-01196,A-0360,A-0148,298836.01,2024-09-24 17:12:49,IMPS
TXN-01197,A-0086,A-0124,144651.93,2025-07-11 18:27:38,RTGS
TXN-01198,A-0124,A-0469,131217.42,2025-07-11 23:27:38,NEFT
TXN-01199,A-0469,A-0049,121068.4,2025-07-12 09:27:38,NEFT
TXN-01200,A-0049,A-0115,107093.19,2025-07-18 05:27:38,IMPS
TXN-01201,A-0005,A-0048,149166.18,2024-09-07 06:25:54,RTGS
TXN-01202,A-0048,A-0110,133855.79,2024-09-09 19:25:54,UPI
TXN-01203,A-0110,A-0123,123440.0,2024-09-10 18:25:54,UPI
TXN-01204,A-0123,A-0167,108157.02,2024-09-09 11:25:54,UPI
TXN-01205,A-0431,A-0158,424412.41,2024-02-18 02:00:42,IMPS
TXN-01206,A-0158,A-0181,395078.81,2024-02-20 18:00:42,NEFT
TXN-01207,A-0181,A-0476,336385.85,2024-02-22 22:00:42,IMPS
TXN-01208,A-0476,A-0099,298780.52,2024-02-20 22:00:42,IMPS
TXN-01209,A-0228,A-0468,269954.61,2025-08-03 05:14:07,RTGS
TXN-01210,A-0468,A-0305,230844.65,2025-08-03 13:14:07,NEFT
TXN-01211,A-0305,A-0236,209097.56,2025-08-05 09:14:07,UPI
TXN-01212,A-0289,A-0095,398234.27,2024-10-24 23:52:49,RTGS
TXN-01213,A-0095,A-0087,357586.57,2024-10-23 08:52:49,NEFT
TXN-01214,A-0087,A-0465,337906.8,2024-10-28 15:52:49,RTGS
TXN-01215,A-0057,A-0010,201650.65,2024-01-18 07:09:25,UPI
TXN-01216,A-0010,A-0251,191482.09,2024-01-20 20:09:25,UPI
TXN-01217,A-0383,A-0458,195986.76,2024-03-24 05:11:51,NEFT
TXN-01218,A-0458,A-0319,180883.65,2024-03-24 04:11:51,RTGS
TXN-01219,A-0319,A-0277,165011.39,2024-03-27 08:11:51,RTGS
TXN-01220,A-0196,A-0397,291583.01,2025-04-11 03:19:42,UPI
TXN-01221,A-0397,A-0098,273204.77,2025-04-14 02:19:42,RTGS
TXN-01222,A-0012,A-0286,418568.13,2025-06-19 11:30:08,NEFT
TXN-01223,A-0286,A-0235,395302.75,2025-06-21 14:30:08,UPI
TXN-01224,A-0204,A-0492,272905.06,2024-12-31 17:49:19,IMPS
TXN-01225,A-0492,A-0397,244549.46,2024-12-31 16:49:19,UPI
TXN-01226,A-0380,A-0460,360707.85,2024-10-09 17:23:47,NEFT
TXN-01227,A-0460,A-0170,317275.12,2024-10-12 23:23:47,IMPS
TXN-01228,A-0170,A-0042,282141.89,2024-10-14 13:23:47,NEFT
TXN-01229,A-0308,A-0200,371029.75,2025-07-26 16:37:05,UPI
TXN-01230,A-0200,A-0381,326427.22,2025-07-27 08:37:05,NEFT
TXN-01231,A-0381,A-0339,304908.33,2025-07-25 09:37:05,UPI
TXN-01232,A-0190,A-0015,266784.44,2025-12-08 21:01:28,NEFT
TXN-01233,A-0015,A-0019,244543.08,2025-12-10 22:01:28,NEFT
TXN-01234,A-0291,A-0178,186446.52,2024-01-15 01:05:12,NEFT
TXN-01235,A-0178,A-0123,166731.41,2024-01-15 22:05:12,NEFT
TXN-01236,A-0123,A-0447,152728.51,2024-01-19 07:05:12,NEFT
TXN-01237,A-0208,A-0386,271425.94,2025-03-18 23:09:37,IMPS
TXN-01238,A-0386,A-0479,254253.69,2025-03-21 10:09:37,RTGS
TXN-01239,A-0086,A-0093,353521.57,2024-10-05 11:28:22,UPI
TXN-01240,A-0093,A-0062,332346.36,2024-10-07 00:28:22,NEFT
TXN-01241,A-0254,A-0439,162759.53,2024-02-15 09:30:02,IMPS
TXN-01242,A-0439,A-0096,139370.66,2024-02-17 15:30:02,RTGS
TXN-01243,A-0096,A-0346,126470.96,2024-02-14 06:30:02,RTGS
TXN-01244,A-0346,A-0054,119012.12,2024-02-15 13:30:02,RTGS
TXN-01245,A-0477,A-0398,325049.8,2025-06-25 16:20:49,IMPS
TXN-01246,A-0398,A-0425,284098.38,2025-06-25 17:20:49,RTGS
TXN-01247,A-0425,A-0254,249307.9,2025-06-29 11:20:49,IMPS
TXN-01248,A-0234,A-0324,279893.6,2024-05-05 19:04:05,UPI
TXN-01249,A-0324,A-0102,249144.01,2024-05-05 22:04:05,UPI
TXN-01250,A-0102,A-0255,223511.05,2024-05-09 10:04:05,UPI
TXN-01251,A-0255,A-0133,202098.24,2024-05-09 00:04:05,NEFT
TXN-01252,A-0027,A-0247,376411.61,2025-06-09 06:07:01,UPI
TXN-01253,A-0247,A-0066,336253.23,2025-06-08 00:07:01,RTGS
TXN-01254,A-0016,A-0197,251130.37,2024-10-30 23:11:23,NEFT
TXN-01255,A-0197,A-0008,227931.21,2024-11-02 18:11:23,UPI
TXN-01256,A-0008,A-0135,215486.25,2024-11-04 21:11:23,RTGS
TXN-01257,A-0135,A-0112,185171.84,2024-10-31 16:11:23,IMPS
TXN-01258,A-0176,A-0001,105834.15,2024-10-13 09:56:41,NEFT
TXN-01259,A-0001,A-0194,99380.55,2024-10-14 20:56:41,IMPS
TXN-01260,A-0014,A-0191,122614.41,2025-05-11 09:07:50,IMPS
TXN-01261,A-0191,A-0485,117174.61,2025-05-12 03:07:50,RTGS
TXN-01262,A-0485,A-0022,99800.11,2025-05-10 07:07:50,RTGS
TXN-01263,A-0022,A-0074,90282.11,2025-05-15 21:07:50,UPI
TXN-01264,A-0354,A-0305,83477.21,2025-01-22 14:38:41,NEFT
TXN-01265,A-0305,A-0039,72708.88,2025-01-21 10:38:41,IMPS
TXN-01266,A-0039,A-0462,67531.51,2025-01-23 14:38:41,UPI
TXN-01267,A-0462,A-0437,63227.36,2025-01-23 12:38:41,UPI
TXN-01268,A-0147,A-0435,285995.23,2025-06-30 14:52:50,IMPS
TXN-01269,A-0435,A-0287,252929.05,2025-06-30 11:52:50,UPI
TXN-01270,A-0100,A-0240,293293.94,2024-10-16 23:37:53,UPI
TXN-01271,A-0240,A-0416,254495.84,2024-10-19 16:37:53,NEFT
TXN-01272,A-0416,A-0238,236957.33,2024-10-19 09:37:53,UPI
TXN-01273,A-0238,A-0459,228750.64,2024-10-17 00:37:53,UPI
TXN-01274,A-0405,A-0297,306937.1,2025-02-25 14:15:49,RTGS
TXN-01275,A-0297,A-0288,292244.56,2025-02-26 16:15:49,RTGS
TXN-01276,A-0288,A-0474,282678.76,2025-02-25 08:15:49,NEFT
TXN-01277,A-0320,A-0344,455045.33,2025-06-02 05:43:49,RTGS
TXN-01278,A-0344,A-0027,424139.23,2025-06-02 01:43:49,NEFT
